FF32B570
01405F00
01F70A00
076C9A00
FBCF7E60
04671840
0310E380
FCB719D0
01BF9A40
FD323A80
02250A80
007CB680
FB2729A0
FC709D10
F7634FF0
FBEFFF10
065A5380
FCEFA480
01AC7AC0
0211E5C0
F857CA00
FDCF8300
036AEF80
093BC320
FD40A500
F97EA890
FDB59C90
FEF3F130
FE37E060
00AB9940
FB9CBD60
FCA80AB0
F6CFC3F0
03414820
F49DC5E0
FAA5CBA0
064179E0
025D03C0
FC0A5CB0
FE75EC60
FBB05B60
FFA41E60
FD3C2E00
FE6956B0
FDDAF720
FA3E5E40
0045A960
004CE200
F8EBF110
05794A60
FA885DB0
022A3700
03993BC0
01423D00
018C5060
026300E0
0DF1E640
FBB5EBD0
FE6A1B40
FC1B6C80
0294B020
F83BA2E0
FD0FB9E0
FD8F7B20
FFC919A0
FCB6B800
03949A20
064842E0
FA005420
04B02060
FAA97430
01FF54C0
FD05D480
FF6A2080
00AB4800
FF42D690
08B525A0
014C0080
00ABC640
FDFF8380
FDC2E9B0
FCDE8D80
0051AC60
029F1080
FE707FA0
F50AB800
F98482F0
06BF8AC0
F8AC8BE0
FDB1B010
00E59BA0
FC6DA210
FC8912E0
FA54C2E0
0689F980
F9762760
FE31B530
047AC560
031716A0
0104A960
02142A40
FCDBE0C0
00E68840
FE0610F0
FD72CC40
FD270B90
F87A27B0
012540E0
FDD17210
FC9400B0
038C5A20
F7E29640
FBBBDF80
FF1BB780
FA3E0040
FB972F20
FCF2DD00
FCA86CA0
014658A0
FFF8F4B0
FF23FDD0
0054A280
018A5BA0
FF109340
009254E0
FBBB12D0
FFFFE770
FCBDA8E0
FF52D700
047D3BC0
FD7394C0
F9E22050
FB291F50
F93DAFD0
03D3B400
0456DEA0
FA88C500
098E7B00
FFD9E7E0
FBF96650
FE1287C0
F966B880
010EE020
015C6760
002F2F20
001E6F60
F8DA6CB0
FED41040
00AE1140
F78A7DC0
01CF7240
03250A00
018309E0
FAF58440
FC1BEAA0
03449800
FFA04CE0
F953A110
0353EEE0
F4153380
0099B720
0108B420
FFDE6660
FBDA5980
F96FC030
F6C8A060
0284B020
02654340
0096F1E0
00F3CE00
0190AD40
00AE7000
FE61E2C0
01AF1760
0531F5A0
00B5BE20
FBCD28C0
F960D540
FC64C1A0
FF352630
FFD4F120
00F9F760
FBF64170
01E349A0
0195D2A0
03F7DAC0
FE1E1CB0
00E8CA40
05F3D7C0
0880C400
FE7DA7B0
03253780
F3054E00
FACABB80
02044B80
FD095EA0
FFC73B30
FFD8DB40
03F1F4A0
FA31D440
F58900C0
FD623D80
007663C0
FDFA9760
FDF29770
03F67540
00340760
FBCA04B0
F8D47C20
FDB74840
F8ECB160
FD6C6EB0
01632320
FBF6BBC0
020ACAE0
02FF00E0
00BC1220
FF8444B0
FDE37040
FF6F85C0
FCB7D5E0
FD7CCAE0
014B3F60
04DEF0E0
FCD1F610
033FA720
001928A0
02E41280
F9C0DCF0
FDEE8000
FC6658A0
FFE6C310
F875DC80
02BF6CC0
F8EA2F80
FEB3B3F0
FC92F850
FA503E70
05BF14E0
003FEAC0
FC328870
FBC658E0
08A75680
025271A0
F9DFDE20
FEA600D0
FF9C3780
0576FFA0
F6117B00
00E7F460
013D49C0
00526D40
023D17A0
FE6FC920
FDFEB240
F9A4A8E0
FAFEE2B0
035E8220
FF6B4B50
031DECE0
0212E1A0
07C7C1E0
0225EF60
F91E5200
04322AA0
FD5361A0
003C86A0
F8B3CA90
F7071800
027C7680
00098A00
FD7F34F0
FBC889F0
00025420
FE1439D0
F8DB7E60
FF8DB8D0
02918640
FE0C6160
FC1E9950
FC4EDC70
F970B520
FBC09160
032EB540
FBD8C6D0
06D178C0
00326800
FE9E1700
FE777060
FC503830
0104D820
F0E8BB60
FA2BD640
FA526E60
FB4DD990
FBA3F350
FDCD62C0
FE2D7180
07F3A200
FF69F2D0
0002B9E0
FF43B280
FB9635F0
00DCA9A0
FF717BC0
FDEB7790
FBED6F20
FB17C8C0
00A87140
FB8AC290
FC4B1D00
FE002E50
FC4D3620
FFA791D0
005DC860
FE6EB550
F7D76320
0156C3A0
FE4D18B0
FF52F980
FF88D380
0645D060
FE695CC0
FFC7B5D0
000A3B40
02ABCC60
FB3AECD0
FF85F970
FBB39CA0
034BAB20
FC802300
01983DC0
FB7246D0
07D5E360
02F63DA0
FD4D8B60
07929B20
063FAA60
062D8200
04D256A0
FE3152F0
FAF2BC10
FCB7AF90
FC1A94E0
05083C60
00EAE600
FE0C72E0
FFFD5F10
00634CC0
FE35F7B0
FA34D790
FC0EBC70
FEF48B40
02890700
FE61BC90
02D3D9C0
00263FE0
0159C820
F8EABEB0
03577EC0
FD4005F0
F9F84620
FE332090
FA3A5650
03C74920
FAA7F730
FA74C800
FB0EA600
FC309E70
00D289E0
03A94E80
FE13C7C0
054E8C40
03CF6640
F64A8900
FC197880
013EDE00
0203C820
0A60B7A0
F9110310
FB6A94B0
FAB67EA0
05B268A0
FCA21EA0
FFA00B40
FE536360
00AA3620
FE43BDF0
FBF5C770
00F3C020
FE4DE660
FCD516F0
FC74C720
FF7C63B0
FE63B2E0
00A7F480
FA643980
FFA97780
0692A080
FE831C80
FF94D410
FD08F630
020003C0
FF2BC9A0
015CC280
FB9EB880
FBEDDF70
FD88D220
FE059D20
07FA2140
FFE6FE50
FBC60680
FD520BF0
02E81560
FB094530
035E1CA0
F6B99630
01C695E0
FF13EC60
FD543D60
FE876890
01A86480
08DD5F20
02105700
FFFD2A20
FA1359E0
03C02280
FACD9E90
02643860
FF4645C0
064E1800
FFF3EB60
FD958550
049BA620
0157A740
FE5F88D0
FD03C450
FCF92E60
F8A84530
F98F7AE0
FE545180
080436A0
FC047CB0
FBDFE950
FE0D7EF0
048FB9E0
FA8FA290
0236A3E0
F9F712B0
F81AD650
FB71ADB0
F3A83030
035D1EE0
021E3EE0
FC3FEF90
024EDD80
024C3860
0094AB40
FA52E980
030376A0
FAC7FBA0
040F2FE0
FE6F9250
FEFC9480
FEABF130
FCF01D30
07679540
FF88F650
FAF7A0D0
FD7B0180
FBF681E0
F92560E0
F3ABC680
FEEC9110
F56B8E60
01E62A40
0374B7A0
FB842310
F97E82A0
FA36EA60
FA208A50
FB3862F0
F930AFA0
FBAD9120
FE77F9B0
038FDB40
02362D20
002A2180
0221E8E0
F6B55420
001A0A40
01C0EA80
03D8A9E0
FAAC79A0
01D65920
FCD09670
06EAC840
011E01A0
F8B183F0
F9E0AC10
FE099970
FF2E6540
053C1540
FEFC2E10
FF837960
08D85B00
00288C00
05DEEA00
FC7D7260
02FDAD40
FEDCA1C0
FEA52FC0
FB39EF10
01254CE0
FDAF9220
FE910C50
00E8B220
FAEC9740
FDB28020
053F7180
025DF180
FCC0A550
F9E2CBB0
01F2C480
FD79EE60
FAEEC5A0
00FF53C0
0311BB00
04888BC0
FCE73770
FFA046D0
FABD4EF0
03223EE0
F76DA050
0022E340
05932980
0488D3C0
0050C960
FF199660
08B273A0
FBEDC9C0
017FF480
FF0C4150
01005260
018A3460
01A52D20
044E8AC0
FD01C7A0
062412E0
FEC80E30
FE796580
015EC760
0340E760
06757FC0
FCE26F20
FD951EB0
FF0B43C0
00FC0FA0
039D6D60
FD78B4E0
FAA8CA70
00D3C4E0
FC44D1D0
019C7D00
01173D60
FF69A540
FB715C10
FDB82660
F900B5D0
FE59D410
FD7FD3E0
004FE880
046BF260
00E573A0
03B12FC0
FA9389C0
02D15B20
085439A0
03BD0E00
F3F93D20
FCF7E0A0
0078C380
FC10E8F0
F7B5CB30
FC7CA6A0
FD7F2240
03976820
FE205090
02F3DC20
00D8C440
FF9987A0
FFE6A3D0
FEED1F50
084189A0
008003A0
FBE6F000
F95B13E0
FF952E00
04F3C160
03A878C0
F6E63A40
FB9007C0
FF223880
027A3420
0059FFE0
FB293900
025E9800
F8A08D10
02CD26A0
02725720
FD773600
019246E0
F8F2E050
FA5A16F0
FC1B1D80
FC540FD0
FDA516C0
FD71B730
0102C6E0
FE7091D0
FC698A50
FD20F640
FB459DE0
00C7DEC0
FB363FE0
0315EBC0
06898E40
F73546E0
01F52520
F2941FA0
02C45D20
0757F000
F72B1E80
00A13860
F9E6F2A0
FBBA5300
FE267630
FEAAAA70
FD3797B0
FCE1DF00
09B75B20
FE6A7220
01AFDCE0
FC09BBB0
FADA2340
F869AE90
03D840A0
02280C60
042B4580
FCE2F720
FFC5F110
03DA7960
FF3895A0
065FF020
0256FD20
05EABA00
FC9742A0
02076180
FFCD85E0
001C4960
FB346850
02FB4E00
0322D860
FC2E6420
F80AB020
FCA1FC00
FB877780
FED3B580
010EF600
02AE8E00
0308E520
04192780
02CAB120
02693C80
FDD10950
FEF3B170
FF91F380
05FE1BA0
FCF05300
0D34DE40
F75719A0
031FA2E0
02A530E0
00C73BE0
FFDB8150
FFDD7540
FC8B8000
FAF24CB0
F8718050
FDE75350
03BC8620
FB40FFB0
FABE9400
FE53B160
031994C0
0344B120
06001F60
FCEF0DB0
01564A00
FB13F620
FFA95840
FCE8F900
02558AE0
FC05A350
01EDA940
0187E4C0
FF0ED0B0
FEA8C170
014D5940
FC34DB40
FCCA5560
FE198520
06999EC0
FDBC4260
01FA5B20
F8A13490
FD23F4D0
FD534D70
FFD6BCD0
F9E15990
03042460
010AB7E0
FDC26290
FE1DCC50
F817B4D0
F99E49D0
02613AC0
01262BE0
015D7BE0
FE183F60
0353F5E0
FA31BD30
FCB3C300
FD626550
FD0FD0A0
F9BC75E0
F8074E60
07390B40
00B4EBE0
FBED10C0
FC1C6B30
FCBEA380
F62193D0
FEBF8EA0
FDD6A710
018AAEA0
F795C240
048F0F80
0312C220
FE3EA2E0
F3BBCC80
028911C0
FB6EAD90
FDC7FCD0
FEB11970
02AC5020
FEAA2310
FF818C60
FDFD1C30
FEA1FF50
FA45FDC0
F8F28960
008A5FE0
01E0D860
0921A2E0
025D8DA0
FFC35500
FE632E00
0465DF60
073D84A0
FE73DA70
FF1BF5C0
004C8280
064400A0
FA2EAF90
FF9736B0
F99AC2D0
FD4FEBD0
FDA244D0
FD05EBC0
FCB34E20
FD53F520
F7320D40
FFDDE520
FC3684F0
FF6131F0
F5A46BB0
FD11D990
FC3BBFD0
F688F9E0
FFFACF60
FB162EF0
FF771F70
FDD76760
FDA89470
00B77600
FE157150
FA571E50
042BD9E0
F9F8F660
0357E3E0
06CEEA40
F3296F90
04BA01C0
00BF1180
FF0CD5D0
054B61A0
FD7A82F0
FDAE3C60
FF018740
FC6F30D0
029BC8E0
FF339840
FFAFB300
FC3BD600
0B874660
FDCDC320
04922D20
02EA8D00
029013E0
0174A760
F8225C60
FE5DBA00
FEEE9C90
0132A160
FEA225D0
FE314AD0
FFF73750
FE3C4C30
FBE64850
FE7C0AE0
FC383450
FE9449A0
009B34A0
FD2C2AE0
FA825B10
FA92D6C0
02DD4980
00091F60
07B58440
02763A80
03EE2600
FE1F89E0
054827A0
FAECAE10
0326BC20
FC25C160
04F28CA0
FD55E840
FC96D370
FD6148E0
0113E360
FE963830
F8F02ED0
017E7CA0
03157CC0
F5BFCAC0
FEE17720
029B5AA0
0386F0C0
F83796D0
F51B04A0
0C6EB340
FDD173E0
005794C0
FDDEEDF0
0A21AD80
02A9AB60
FB63DBF0
F85CE0F0
FB93C350
FDF0D480
01449800
004FE920
FA730C60
F9CFB3F0
01F666C0
0199E2E0
FBCE97A0
FF8C5C70
FF35A840
04BA5420
FCD89550
038003E0
0074DC40
013AD180
FF9E9A60
04F44E00
FC874B90
0242F140
02654400
FBABFAB0
FC9E8C40
FBB44760
FEECE470
FC599450
07C76940
036AF5A0
023AB140
05DEE3E0
01E6BAE0
0A23B9E0
032A01E0
FA3E08A0
FD65DB80
F7425840
032FAD20
FEF23020
FAD0F010
FC8FD7C0
03FC8AC0
FA977C40
0015BDC0
FB3F3BC0
01D4F5A0
03783BE0
007DFCE0
FD56A270
02994860
FC0BABE0
F48B3370
FA5CBEC0
FC800EA0
FC92FD00
FE06CB60
027CE5E0
FE01C230
02709680
FF9CFC20
04BE4320
0234C800
00438D80
FF3955C0
FC3800E0
FA7BB4A0
07FFF920
FDF54F90
FD8EC570
FF69D1A0
FD0358F0
00E9A420
0488A3E0
054C4AA0
FB78E160
F7B73340
FC58C8D0
00376CC0
03C89800
01000D40
02B0BA60
FFACA7E0
FB02D5B0
FF9220E0
007A3E80
017261C0
FDD1E710
FC114870
FA9B85F0
FC37E9F0
FEC82DB0
FC38A620
002A69E0
FF372280
0660ABE0
005DDF00
FEFB3C10
0102E360
F5644160
073C4600
FF676B60
FE411EF0
FD958180
F9C87C00
00BCA9A0
FBDDEC60
000F7320
03579740
05B8C280
F8DBB010
03783E00
FAA909D0
03FFD980
00ACFF60
02EDB820
0200B2A0
02B24240
FA08EF70
F9FECBD0
FF74E740
04EA6400
007E4C60
009E9DE0
001F4D00
011F43A0
FE8B6350
00946F20
02CB2560
FB237600
FD246820
FB2BAD30
04980240
F7DE5CF0
FBA112B0
FE4FA8D0
FD6CD750
FBC3C040
04A0B740
F9917A90
03ED6000
FEACB4B0
F8A6A7A0
02378900
FE30C640
057FFC40
022CD520
FF45FF80
00A37040
01A1E8C0
FF7F9520
038C7340
FF3E61F0
F94BBA50
FF889D80
FB221070
FA8EAF40
FF1419B0
FF4CB800
FDBBA760
FC2D7B00
FFB25C30
00900180
FD4CC330
FE6CB130
FEAAECC0
FDAD3D60
FEDFF230
02315480
FFC0B5F0
FCCCB380
FD886C20
FF2C1BC0
FFEAE1A0
FAA9CBD0
FF44D090
FD8ADD20
FC175E50
FC524130
FFF7CDE0
FB775500
FC35FF10
03427400
FFE12D30
0203AE80
04D3F900
07A36140
FEDBD090
FEBEBC20
065D0F00
FDF32790
FF4EF120
FEDBEBF0
F9A13150
FCE2E4E0
01E72F20
F965D510
01B50580
FB0FD1A0
00D59960
01090320
0739CE80
0869BD40
00946AC0
007C0CA0
04385D40
F8EF1500
03D1BFE0
046A0840
FE18CC30
FD7526A0
04CAC6C0
FCE51330
028E7700
FEBBC7D0
FDE6AD80
0484CB60
FBEF0EC0
FC24B190
FE9388E0
F93DB580
03FFF4C0
00111340
038E4AA0
08138DA0
00250E00
07AC0A60
FDF03790
FD8DF120
FCA80880
F9ECBC90
FA5B4D70
FE182AE0
040ECA20
FD7C39F0
F74572A0
FBFB1F10
FF126EE0
00BAE5A0
FEA0BD30
FDB77910
FD8E5510
FB7B3B10
01673080
FA7DD500
00AEBDE0
FC64C750
03709460
010F09C0
FE08C860
F676B5A0
04578240
FF31B170
FCC37EE0
FB93F5E0
02170BE0
FDC77680
FF589160
02CDC6E0
FE739CC0
FACBCFE0
04ED9360
FCE24600
01A74380
00BC3120
03C89C60
03438BE0
F9BF5620
007CB220
F9145F30
FE712E50
04CA2760
FD332B20
FDB6CF60
0225AD80
FB0A79D0
062085C0
01C233C0
00CAD520
FA67C860
FF5ED2E0
FF0EBE10
FECA2C60
FB631D90
FC153D90
02F9C9C0
00CD7180
02811F80
FED03740
F72F44A0
F70C5160
0603A9C0
FF44B010
00EA9AC0
00D3F140
F7DF71E0
010E7CC0
03E5DBE0
FED62010
FA976100
FD4EFEA0
00B9AFC0
FB90CF90
FDC782A0
FCBB18C0
FDCE2CE0
00B78A80
FE086DD0
FCA9CCC0
FD06C830
FFD37D30
FA38CB60
F9BDF7E0
FAB5E960
FD59CC20
F8C67F60
F6CA1CB0
FE4B6840
FEA21080
06512C40
FCDDF1E0
FFB90890
FC7A6A30
FAA56950
FE9B9410
0012DD00
FBE8CD90
FFA9C920
00C368A0
013EE380
FE9A9EF0
FE09F490
02605EA0
FAF8DC50
04C409A0
FA3CA240
03982EE0
F8E583D0
FB956010
FFB61DA0
02823D80
FCACC210
FDA2AF80
FCC62C90
FD9B9620
FCBDE7C0
FB174410
029E1D80
04F07720
FCF831E0
00F82520
FDB52E60
F5BCD160
FDD07830
0321C7A0
024941A0
FE927370
F9B346F0
FDC36220
FE04DC80
FDF048B0
FA921CD0
FD6C6140
FAEC1F40
FB356650
03CD9A60
00235280
F8FF6EE0
FCE35D00
00DB6920
042D7B40
03988200
F79B0220
0318DC20
057BE9E0
FC6DD540
FB47F900
FEAB3E70
FB4CB5A0
FE40F660
FE29FE80
FBAC0B50
027EA000
FF490E30
FD9BF180
FBB21550
008B2640
FCA3DC80
FDA94B90
04ACCB00
FF9DD150
0162C460
F81C5C10
F9E0FCD0
FF7D5650
037825A0
0487FBC0
FCA61580
FED8BBC0
00DF1B60
FAAEC670
01D27020
FE1B50D0
FFDBD9C0
FE10DE10
FF72D470
022920C0
00D5C160
FB02A890
0135BE00
067E8100
FFC48C50
FA9535E0
FE40ED60
03295D80
FC245960
FEB53820
044C2E80
FCD99A50
FC9641D0
02911880
07FB1000
FA7F4E90
FEF1F1A0
008BC4E0
FD6567D0
FF02BB00
FB8AAEB0
00634DE0
FDB9FFF0
FC0CB5B0
FB19A550
FCF4D1C0
FDFA44E0
013A41E0
F79EE0A0
00DF99A0
FC614D10
FF25E550
FAB51850
F91C6F70
FD2F4250
FEF71980
FF635550
013903C0
01B9B3C0
055FE940
020DC700
FE7B3DD0
FC1A89E0
00B74AE0
FF5DBCA0
FF875900
03B3E5E0
FFA1BFD0
0D8E9CA0
FE9057C0
068BD540
F98DF510
FBF2E420
F94103E0
F8D76A30
022626C0
FD9C0220
00A3FAC0
FAF1D8E0
FFCC23C0
FF6AE980
F8C33FA0
027E7580
FFFEB820
03D78820
FD368850
FDBFFCF0
06E3AAC0
FE682050
FCD3D6A0
0523FCA0
042FB320
067AF660
FE5E6170
04038FA0
029EC020
056758C0
FCA249D0
FF9BFD20
F9F6B5A0
FC114620
FB5982A0
FDCF3790
FB5C6B20
FDB795E0
04DCFC80
FB1889D0
018F74E0
FC158C30
FCDDD790
F89A7E60
081C9B00
FF0BE340
01FF2CE0
003DFBE0
FCBB7190
FABB2590
FF5FC080
F933CD00
FF29B820
FC9F2670
FC2FC920
03C246A0
FDD32AD0
F8DD3EC0
05764A20
FE3F1B60
FD1D3040
FEFB2070
FD692600
FFCB1010
FC8EE5D0
057CD920
00E18E00
019E7400
FE2A6550
F6E1E590
010F0E80
00873600
01ED3FE0
FE5976A0
08BBD500
FD0FA1C0
FC52B340
001B69A0
FBD877A0
02B0C380
FF749130
FEA1CB40
FEF20300
00EFE900
010641E0
F9DD10C0
00E5E580
FF602F10
FF2A1BD0
FFDE7680
03B91FA0
FDC27F00
024D91E0
02A23A80
0171D040
04414A80
FCD93A20
FFED0D40
FD422AB0
FA6F2A90
077409E0
F912DF00
01913F60
007F3DA0
FB86EBD0
024E2A80
004BCE40
FD6BAD10
FF9EB6D0
05776120
042FD8E0
056695E0
02E71280
FC741FC0
04B11C40
0335ACA0
02857E80
08731820
FCCF8C40
04ECAE20
FB356790
FF6D5640
040F2960
073493C0
FEC9D690
FD471C10
FD08BB90
FA3EA290
01A67240
00F3BE80
FF6F4F60
FA7924B0
017FBC60
01A828C0
0103A540
FA9D6560
03B2C580
032E1700
FD2DC8F0
02D4F0E0
04AC1E80
05537740
F91E70A0
04962D20
FE140950
FE8FAFA0
FEFF0B40
0352FEC0
FBA55520
04938420
01B87640
FDA64090
0418AB60
004D74A0
F905D330
FDE1C9D0
F7747100
0304FD80
02F8FCA0
02B894E0
FF25C950
F9B72B40
FE5877A0
00EFF400
FACDEF80
01BAF680
FE3AC1C0
022ACC40
05231C40
05660820
01510000
FEBF4E90
0242DEC0
F7DDAE50
01DB2080
05801340
FF75B870
FB5B09F0
FEE71DE0
003EA8A0
F7501F60
026F8B80
FD4FFEC0
00645860
FE13A760
046C0480
FD827C60
005586C0
FCD55920
FB178D20
FC344280
FEA176B0
0905F120
FDC5D740
FD3A42D0
FD62D740
F92CCB30
FCD4FF20
02A4C5A0
FE291A50
FE6BA270
00891220
067FA700
00E072A0
03696160
FCBBF8B0
FDB53800
F9825A90
F28759A0
00CDB160
0488C1A0
00C47160
FEAE3830
FE41F370
009C07A0
FADFF890
05756120
FA4AE8A0
FCBC18C0
FF45C690
FCD1F6A0
040E8EA0
06D67660
FFDDC7F0
F9CFD9D0
007D5320
030A03E0
F90A3FF0
FFE2BE00
009001E0
03460700
F9B7E1F0
FF208310
FE4AABF0
FEF36FF0
011A0960
0095F140
FEABA780
FB2D4820
FCBCF260
FD903D70
FE2B2770
FC27F770
FECA5380
01B7DF20
F8E57300
FC8C5D90
FB3BFE40
00926480
00088B80
FE1C03B0
FCBF48F0
FC0CABD0
FF38EBD0
F6E4ADA0
FEF73040
FCD1DF30
01711A80
030594C0
FB7AB1F0
03B1D300
FC323D00
0610C400
FB32D1E0
FFACD580
051A9F60
059D8640
01096320
057F4C40
F5183910
F9C7B3A0
00095A40
FD477110
FDD61120
F6A644C0
033E2240
084A84A0
FD3FC8E0
0294AE60
FD211D50
FDA30150
0048DD40
022243E0
FD699FB0
020C7AA0
00649E00
FCE82740
FC964C70
FFE37470
03CC0540
04590A00
00273280
F8871590
FC1305A0
00C97560
005D5C20
015FF8A0
FCD9DCF0
FCF059D0
010BA060
FC97DF30
00358B40
FC4AC810
FC45BA30
F8B3C360
FBF37DE0
FB4F7EE0
FD173770
FD5B9550
FE92ED30
FF13F3A0
FBE2EB80
F958F480
04E14560
00900FA0
03A67AA0
F82168D0
FE96F9C0
FFE15E80
FD301B00
026606C0
0232C260
FCDEA7D0
009277A0
FB551A70
041D3B40
FE82E370
05D00C20
FD1F3870
FE2C11D0
026C7840
FBB71270
FB3C8370
06A99EE0
FC99D8A0
FF6BEF00
FE86D680
FDCA4270
0224DFE0
FC4CA4D0
FF3275E0
FBC8FA90
FDDC7D10
FD0A8860
04B89E20
FFC24510
FDE79FB0
FB2894E0
FB4917B0
00C9F0A0
FD4639A0
FDC27B10
020FE4C0
FF6084A0
FD259BA0
004E0620
010CC080
0116A500
F9720820
0119B1A0
02609A40
00F98C40
FD8E8DA0
F6FC51B0
F9D59520
06793F40
0149CB00
FE9E5A20
F9DBDE50
F2027D40
05CC0E00
FDE25C80
FF64BDE0
F9CC0FB0
03063820
0228B460
04DA7520
021EED20
023807C0
FDAECD70
FA6C8410
06C22B80
0107C460
04FBDBE0
FB7E9A80
FA982FD0
FD9B4EF0
FC060C70
F7AE8B80
00C93060
F2F90890
000B63C0
054BAD80
F9DB4BC0
F778E560
FD7E5CB0
02FF4A20
FFF092D0
00101800
FDD01AE0
06C7C420
FFF306F0
01E621E0
00145000
FE0BDB90
FD2A8D80
05F168A0
00F52580
0053CFA0
0250A880
FE29ECA0
01887700
F6265FC0
00DC9F40
05087240
01902B60
FD979420
FF769D20
0577F740
FAF67540
FB5975D0
FE725F90
F497FDD0
F92A5AA0
FCF55810
02B70CC0
01286FA0
FC07A960
038D5740
FB18CB50
011EB500
03401360
FE3C1980
FF20ACC0
FBDEEFA0
FC613620
FF3FB620
0B26A6E0
00B7ED80
015AA300
F47B8710
FCFCBDA0
FE6E9D60
FF11CBC0
FB71E350
FD168620
F6C7F860
019DF4E0
FA7353A0
FBA5E430
F83F65D0
FAA52DF0
FDE79420
FA196280
FA96B6F0
F82E2E30
FB218AD0
02D1B900
FF9BB820
00B54E40
FFA3C630
FD2559A0
02ECBAC0
FEA1AB60
00E0B640
067520E0
F8E50990
FC99E250
FC59FD70
002F1E60
0061D7C0
FF4B55E0
0277A6C0
FA853940
FAF08740
FA1FD290
FF260EB0
F99EE4F0
01417720
027376A0
F72BA700
0182A5C0
0203AF00
FA6747B0
01AFF620
FFEA6640
FB827420
01C3DEC0
05E921C0
0579E120
FF7C01F0
FE63DAA0
01989E80
FB7D0A80
F8AE39E0
FCA1E490
01804640
FC6B4FC0
FC867450
FD8B5340
F91FBE30
FF83FA40
FFB52F60
F9001680
06F950E0
F804C4C0
FA57AA30
03C15F20
01365080
FCCC2520
F8B3C550
005E09C0
08307F20
F897E390
F9C94EE0
00F30BA0
F9574CD0
035C1A20
04E05C80
F9983100
037A7120
FEF604C0
FDEBBE60
FC406010
FC9E0D20
020AA7C0
029D70C0
FDC65230
05FDC820
FCA596A0
FBC3D090
FE67EFB0
F98D8C90
FEBC0500
FA1F8640
FC5A1780
FE132370
039B8620
028D7080
0573DD40
FD9EFEF0
05D49F80
FEAF1740
FE4EB8B0
043058C0
FEDBF070
00798820
002AC040
FFA6EC70
FBF58930
F9759A00
FBF51BF0
FDD518A0
02B5B760
F6CEDBD0
0298E080
0009FAA0
FA6816F0
001319E0
FFBC1800
048039C0
FD1D01B0
FB22AD40
01B6D000
024CD080
FA617260
FE159EA0
01C56440
0225CF20
08F40BA0
FCDF51B0
F8BF4100
FD6D7560
054C9920
F9773CF0
021CA700
FE638910
004EA4C0
0096E380
02825480
FBE96660
01CA99A0
03122860
FE3E27C0
070EA580
F4163E60
02369740
FB8C3050
FEF70750
FA077EE0
FE096990
FBBD6F30
FDBD17D0
FF896690
031FF720
01DD2B60
F9DBBBB0
FA1C94E0
FB4B5290
F8238FC0
02944CC0
058921C0
FC2EA3A0
FD435A70
FF557DE0
00406420
FF08F000
F7CFA9A0
060C1280
FAF17950
FB8E8CA0
F96F21D0
01106A60
03D76A20
014CD940
0325B7E0
007859C0
F814DF80
FDC89E90
FB28B1F0
0284CE00
FCC866B0
FF519550
0250C9A0
06EFF360
FD49DF60
04482A80
05CFDCE0
FE515070
FDB0D3A0
003AC9A0
01CD3600
F610A830
FC2D9450
03E75AA0
0039ED00
FD5548E0
FC7C8550
F7F8F2A0
00084AE0
FBDCE490
0134F3A0
FA921150
FD7CBAC0
F922C130
03F83680
FDF1D580
048AFBE0
F80302F0
FBBCC760
FEF96700
0425A0E0
FF495510
FE6293F0
018176C0
FEFB2090
F92230B0
FA275CC0
01E84B60
FD9FCF90
02F60F60
00E85E40
F8C77C70
F98A64E0
FAAB1A10
FE4A2A10
F77B2370
FBF63280
FA490A70
FFF8DC80
FEB42AB0
FC547690
00832280
FCDE47E0
05E82000
FC305C00
00951C00
00FDBF20
FD0974B0
FD7B4D80
055172C0
03AB4660
FF5DAE40
F9E82FD0
0303DFE0
04EE9220
FD75F040
05411420
036EB460
0028BF80
0059E340
FDFA07E0
04A35D20
0281DE20
F79BC920
00762DA0
01BD1280
024292A0
0397ABC0
FDE75EF0
0339E820
08FDD560
01865140
05992AE0
FFD5B5D0
009CBE00
02BEA680
FE1509A0
FEE73F50
00E5F2C0
0563BA00
FBBFEC90
00E32000
FEA2D640
083BEC00
FFAD6BC0
01593A00
FE9092A0
05775680
01C92960
FFDF0990
FD1BA040
FE780320
FA96DC10
FA38FF00
0235F780
FD437A30
075B7AE0
FE500FD0
FFD62030
FAA1D670
03546300
06F87260
FB8F6C10
00E97000
001FC7A0
01CE5200
056FCD60
006C9640
061F57E0
01F5F120
FBA184C0
00D8F540
FA6E21B0
001DD300
FE8C16F0
FCBDFC70
02615AE0
FFB40CB0
FF2CF1C0
FC663C50
049E6E80
079B8B20
FD92D4F0
F965B410
FDCF02C0
04990EA0
FE7A6130
031443C0
FDDF3C80
FF8FA4D0
089C48A0
016DEFA0
01C88160
FC20F7D0
F9FF7AB0
F96A6FC0
FF304B00
FEF59C50
01B25160
027135E0
016D9040
FDB2BCD0
FF3E45E0
022191A0
054D5120
FFD256E0
FC8187C0
F83603B0
011E3260
FE64A0F0
00753760
FF2C9A60
007E1CC0
F882CF10
F83F2210
FBFCA8B0
06648280
FD6A51B0
0563BB20
025A7220
FBED5930
FD987970
FAF651C0
008ADA40
FE4D7BA0
03863640
FFB70DB0
FD3F1150
FC5EE390
005E1B60
FB836E80
FA91AB50
FBB775E0
03FD8CA0
06BD49A0
FE1BCB40
FA8A3340
00305F40
FDA49610
F9315500
FCBC0FF0
FD704560
FDBF1240
FC65A0C0
FEABF8F0
FE15F570
FECF7FC0
01918240
FD3D8310
FEA6F250
038E01A0
036F4B00
0186A080
FC9A64A0
FDF495E0
FF4F0550
F95DD010
01D4F020
FC26A6C0
FC88ED10
FB51C130
01997400
0167C9C0
FB31E2F0
01916D00
007E39A0
FB740000
03540FC0
FF8203A0
FE51E400
01ECAE20
FED50CB0
FB3C8940
01BCD7E0
093B4700
FF3B6530
FABD35A0
FCDA0430
02CB3580
03F02720
FE8FAAC0
00152DE0
06554C00
F5525200
FA681CA0
003B8020
FFECC020
FE4242D0
FDFBF270
01C477E0
0A3A04C0
FE506AD0
FF8BE730
FAE20C40
FACEDEF0
F9C7F730
F845D150
006A4040
F9F30410
02805020
FC49FAF0
FDE0A160
05D1DBE0
FF2E9700
006CDA60
007A9360
031383C0
F6D299C0
F8A58650
FC78DA30
055C1980
00AB1B60
FB57F360
01653960
FEF1AE70
02A15AC0
FD173FF0
FE232350
03166BC0
029381A0
FA1D8E40
FFBCA020
029CE6C0
F499EF40
00CD6B80
FC13C730
FD9CC310
05821AA0
0087D3C0
017FE7A0
05F2E220
FE4A5750
F9FAE250
FDFFBB50
FE9D3BC0
FBCC7790
FF9FB1B0
00D06080
02EAA1E0
FB12E1A0
005CBE80
F9F6AE40
FCC07BB0
0629D1C0
FE8934D0
FE4E2E90
FB02F320
FF8C1890
FEFA15A0
FEEA8910
00E14C60
FB7BE980
F9AC5E10
021DC440
03A38260
0201DEE0
046AA5E0
0300A660
FFB418C0
FE7C6E50
F6DF97A0
FA600E10
FD6A92A0
0322CA20
02BDC940
FC9FFFD0
FDB806B0
FCA70EB0
FF12DAE0
FC4A1630
FAD0CE80
06E7DDA0
FA777340
035A93C0
FE5EE620
00ED36C0
FE3B5F70
02DB4140
01362AE0
FB50AB50
FACFA6E0
F97C9660
FE84A7C0
FBFCD660
051C9B60
FAA7B6B0
FE322700
FD5A37F0
0454CC60
FC670170
02076000
FF217AA0
045C8EA0
FDD0B2E0
FEF6CA60
030CAF60
0521CE00
FBDFBA70
FEFD7EE0
FDC3E890
03049C00
FB4CB7F0
00B53F00
FC836A60
03B09020
FC3B29E0
F6DC4D90
04CDA9C0
01E0E6E0
03DC26E0
FA3B24A0
00901160
FC7C7FB0
F9BB1A90
F84E28D0
03B63AA0
06B745C0
095A88C0
FBF0BA80
FB129440
016D9D00
05CB9600
023D9AC0
FBC19480
FF824360
021DED40
069D3620
07226500
010A10C0
FF619D00
FC55A840
FF752700
F36388C0
FFA53B70
FE7E7B60
FF597CA0
0386E660
FCC556B0
FCDEA8E0
FF8BBFA0
030359E0
FFB201C0
FF8D04A0
FD9AE680
03AA7CE0
FBA2F9E0
FB9DC400
FC51D950
FE64CC50
FF005F40
00EBD800
F8EA4900
0078FAA0
FE69A490
05B78C20
0350B460
00FBF7E0
FD513B80
01AEF2E0
FA57AF40
01DE9500
FFE66FB0
F3BFFCE0
FC642420
FF69F300
03B72DE0
FE28E0F0
FB7352B0
FD495460
02A34660
FF2D09D0
FF4FA8C0
FFA19F70
0429BC80
FFAF0350
F8F2A020
FD8E6CE0
01EDB620
FE678790
FF3CE1D0
FC992D70
FE54AB50
00FDD060
FCC74880
02710020
FB11D930
FD15F300
FAC96960
0017EFC0
0005B1A0
FB690BB0
01B12480
02C5F760
FDA77EB0
FD600310
03C8EAE0
FC370380
001A4500
FEA34460
0144CDE0
FC3868F0
FF1606F0
F99786F0
0767C240
FC3EB420
FE951EA0
FDC79C10
0FBBCA60
F8F000B0
F49AC9A0
FB9FB930
F4B86500
FF4AE500
F7FE2FA0
FBDD1D00
FCB8D4A0
000CA480
FCEE9940
081C48E0
FB866A90
FDAFD4D0
FB630100
02DED880
0154FF80
FFB33780
FAC14CC0
005EE5C0
037E6D60
FE411AC0
0654D700
008350C0
FAAA4C50
034848C0
FACA1E90
FD490C90
02AFC740
FB5368F0
FE04A250
FA362A30
FF2B4F50
01899CC0
FE2D75A0
FE4C68A0
04E56F40
080F73E0
FDD8BA50
F6428EA0
FF512300
0417E200
0173D340
0420CFE0
08297400
FC74F760
FD43B2D0
01AB8CC0
FDC32D30
000C0740
040CA320
FD935800
00F3FA80
F90ADBF0
03F46F80
FE5FCFB0
022027E0
072656E0
FC1B4360
043C74C0
FEC3DFD0
FCDE4800
02EEAEC0
FE3234C0
00538860
FE3C5350
00B7B080
FE388310
054BA8C0
FD1CFC10
0132EA20
FC5BA6C0
0027F620
FD1FBA40
037E2A60
F95F1670
01573880
FD2A5390
FBB6DAB0
F8BE5D50
F962D8D0
0330D040
045993A0
01C3D700
FA68FBF0
FB7531F0
077210A0
06F3DDC0
F8CA9D10
FA99F550
003BDEE0
FDC00100
FA884A00
F6BEF580
FF4175B0
FD2A0D50
FC9A02E0
F5E01140
FDD7EF10
063A6740
FB9ADB70
03364AE0
F930D0C0
034137C0
F9A92100
FDBFF9B0
018BD360
F8E1F5E0
03F5EE40
FE4EAD40
FFC52210
FC22F780
FF805D50
0283CC40
02E2C3E0
0AFB6E40
05CCB0E0
FA3A7940
FD65E620
FBA945A0
06DF95E0
FF73B6D0
0402FC60
FB858950
02AABB00
0432BEA0
F9502CF0
031D4E00
FC405EE0
FFABE760
FC075820
FF65A220
F9D4ADF0
07870820
F7E609A0
FF39FEB0
F9F532B0
FE641C20
10000000
01FCDEE0
FB5F3EA0
FAD67720
01B344C0
041994E0
FFBFD5E0
FC9973C0
00116B00
FF9949A0
FAF53A70
FE0E3030
FFF755B0
048A83A0
01462F40
FDBE1170
FB2A7DA0
FF7F4E10
FF4779F0
FD1BD270
022C4140
FD82E9D0
00C268E0
F9BDD700
03F6BF60
FB4D0C90
FE33B8B0
03FD3EC0
F886A3D0
001AF040
FD970240
F674EB60
FED11A50
FD328FB0
0AF65BE0
FE39AA60
FF76FE20
0040F440
F9B31490
FDE14970
FFA69850
FF687E90
FAD5A8F0
FEA52EE0
0B443F60
F9A5C000
FF1919D0
FF2E1F60
011AAD20
04510C80
01347900
FCF9B080
02363280
FAE6D180
FDDD1330
FD2AA6E0
FDF0CE70
FA9B50C0
FD99B540
0283A820
04802240
FDFA4F00
FAC57100
03A69DA0
00810480
058C1660
FFB30910
FDF92E50
0442A360
FC972850
03F3ABE0
FF4CB1A0
FB904000
FBCFF1A0
FCB585A0
F7B8D230
01916140
FC8210C0
FFA8B040
FFE5F940
09151500
002964C0
F7500A30
FFDB1B60
080ADD40
FFBE4EA0
FF5B3350
00B2DA40
FD034E70
FEDF6150
FD8C3650
FD2CF980
FFE6DA70
01E10D60
FD1DA750
00189FC0
F5E82E60
FD2B7330
01374200
FF7E54F0
FFD2CC80
FDE2ED20
0473D3C0
0552C7E0
042C6C00
013B0380
00B4BF60
00440660
FF1C79F0
FAC0C500
FBD89160
041B5B00
002EBBC0
029539C0
F84155A0
FC14ED50
04AF99E0
06185380
F848EDB0
FCED93A0
FFA58B50
FDD2F6B0
01098C00
03CE6AC0
FC915A40
FACFFDD0
FAB1FFA0
025BC2A0
FC01F2E0
035A2E40
07EC1F40
FAFEDC70
00368320
FD76BCF0
FC47C2B0
F86D1970
FF139B30
02447140
FED98EE0
FD67F490
F5A1DCC0
FF413A30
FAA3A6D0
FBBC8350
00255CC0
FA1EC0C0
FF23FDE0
041EC240
03160260
005813A0
FF12DDF0
001FF460
0061F5C0
F7910250
F87C7290
044D3E40
FCFE4810
02E09380
07D8D960
FDEA3540
FF5B21F0
FF0B85B0
FBC60EA0
FE5E62D0
0461AD40
004F5140
FA9918D0
04E9BBE0
FE5477D0
FCAEB430
FD184FA0
052BCB00
FB9FBB30
F9F35EF0
FD688110
FAB385B0
FEB0BA20
02657580
02FEEA20
FD90E810
FF3002C0
051A9480
FE9B5CA0
FCC46490
0252EB00
021203A0
FF29C220
FB6E1340
0120C000
F9E2CA00
FC787AD0
007B9FA0
015B38A0
012F26A0
0029A780
04534BE0
FFB1AC70
01B8AE00
FB90CA60
FC0B46F0
062E1480
08128620
FD5D29C0
02530C60
03118A00
F6DDD6F0
0036E5C0
FFC2A120
00656580
F994B3E0
0085B040
03B61CC0
FA525EB0
F705D500
FFDFF770
037905C0
031D86C0
FBD41380
FCF7E4E0
F9DF1760
035E7360
05042FC0
02CA2C00
FA6E93D0
03F5C5E0
FC771670
05CE8220
FE6CED80
06256C80
FB7B99D0
00F135C0
FFA86FE0
0168EAA0
07BF5200
FBBCEFF0
F8B0A240
FB0D3800
0312B840
FE3FDBB0
FC72EEB0
FADF56A0
FF411310
0026CFA0
06B0F940
F813B830
051CB0A0
FF8B9A00
05B05560
045263C0
02BC0B60
F891C8B0
FEB15390
0154D880
FEB05360
0008E1E0
02079580
FDF5C290
FF601D40
FE8EBCE0
FCB5AF40
FE2B9350
08FE9800
FBFAED60
FFDB9C50
FE127110
F91208D0
08673B20
FD2CFC90
FFD499A0
050AB7C0
01800620
00F39EA0
FF7617B0
06A6D240
FCD206D0
F7550A80
02771FA0
03AAE800
FC9DB510
039F2A40
FFF5E340
FC9F8940
FFADFB60
FD576C30
00A22D40
06F2A920
FDB3F780
011A9D00
002F5FE0
016DEF20
04169A80
FF277010
FE7650E0
FDAF4A70
F8C0A770
FC07A4D0
F9BFED40
008D6D80
04D7FDA0
FFF8A200
0272ACE0
FF2AC240
05E68600
07BC7AE0
02A71BA0
019F7DE0
FB9B4FA0
00C906A0
02C0F6A0
FF17F590
022E3D80
F9113700
FEFC9560
04882000
05A84D20
01289C00
FF52D150
01BC0A80
013CA1A0
0EBA85E0
0CBBB060
FBCA87D0
F9EC7930
03ACE9E0
FF247810
FEB20180
FD7D3E10
F0E66690
0190E960
FFA0E1B0
FF3B9530
F7125B90
009BECA0
039FB380
0096D6C0
033367E0
FD5F1600
FC3F1950
F639A120
FC828C80
FDAEABA0
011E9E40
024A2780
FA5FAB70
0095EB20
FD5AEBE0
FD091710
FBE108E0
FD751CE0
000B4000
FB6FFB90
FDA63750
0095AF00
FE902F20
FBE3DC60
FB4B0390
064D4C40
07CC4080
F9A0AB10
01FCDA20
0098ABC0
FF349E20
063CE260
F9156AE0
F76C7E60
FD0796A0
0346FB00
046E5DE0
02BAEF80
FD968060
039EA460
FDE2EF20
0A039F60
01158700
FDB53AA0
FBFAF100
01EED1A0
FB151E30
F95865F0
FB933330
FB1DFD30
FE1D5220
FC2FBD30
FC4E7000
FF8C35A0
FFF06170
07753BE0
02606200
02064E40
FD9A3240
04F42E20
045886C0
FE307220
073D8060
FADF4300
FB5F7B50
044733E0
02630280
FF59F910
0021B660
005384A0
FDDAC1A0
032D6F80
FB6BF9E0
FAD666D0
00EBA800
FDA91F00
F836B4A0
F7B3B300
01574740
033B9BA0
04BC5A00
FBA8F4F0
01B54E80
01246FC0
FF2F5B00
FCD1FBE0
FC00C430
FF637C70
07F36420
FFC7F360
01B4C060
FE4D39D0
FDFE4350
04F033A0
F9F81FE0
01632480
06EE55E0
F6A65550
F69F9230
FF912530
0416E4E0
FEFBB330
FCD5F880
F88802A0
00BED940
FEEA2790
09077980
FDFFE7C0
FFA14D40
FCA96F90
087A7B80
0361DFC0
03348340
FE1E7810
F6A65800
FA78BFF0
019850C0
FB942620
03E63880
FBBE9EE0
FC62AA30
FF63A230
FBF653E0
00A949A0
FE8EF5A0
F8BAA4A0
025375A0
02B60260
FAE851B0
FEBF0F70
FF9ACB90
011DF240
018D5E60
01446680
FC19B1D0
FE50B4F0
FBDB5F20
FCA52670
03E2C840
FFB50220
02BA0E80
FBBFFB70
013E86A0
01A530A0
FC4EC0A0
012135E0
04359820
FEC25BE0
064B9320
07468700
08756BC0
FB6D32C0
027D4580
011A7D20
014DC9A0
FC16D810
FF405F70
FAEC29C0
FDC0F2B0
FD9496F0
F9B27C20
00004920
FE59D9A0
FFDABC20
FE01A070
FD4FD610
0021FFC0
FFB9E940
0175B480
02464A80
FBFFB950
002D7B20
FD39FB00
FD0652F0
FD2CC3D0
00DBE1C0
0143CF00
FD9DD590
05E7A960
0271AE00
00B2CF00
FCD7F430
FA45FED0
FCAB2B00
08949D40
03B04140
049075C0
00012F00
064D4600
FD4F5880
03B6E280
FE258280
FDF63680
00510800
FFB02230
FA832E00
FDB36700
F8E21330
02B84CA0
F9DD4150
01FB3B80
0808DC40
051B9E60
FB53E3E0
FFA2BFB0
FF28F5C0
FF7D6E50
FD1CEDD0
0838A660
FB867CA0
00A55140
F6018680
011F5FA0
FC5CAE30
FA36D350
043105C0
FF7441D0
090A52A0
FB183170
020AF040
046D1020
03F5CD40
01FA2E60
F6ECE160
FCFA0CE0
F321EC70
FC866140
04300140
02399BE0
FC81D2E0
069CC6A0
FD26E210
FD28A650
FE4CBD70
FE0E0280
002B5560
031F2AA0
0397C9E0
FE8FAC90
F834C070
00EA0640
F85DDEF0
F95652D0
FF9AE380
04BBDD40
FEB80610
FD3A1920
FA13F770
075A2A00
FA641AF0
F8A771D0
FE4AA310
F99933F0
FBC88140
F6981080
FEA31B10
01C555A0
055AED60
00B3D5C0
02845B20
FB039A80
03CCE540
FD3CA510
FACB07F0
F9708A90
021D9820
F934D660
FD785BE0
FF89D930
F8565DC0
03652EC0
028341C0
FFC19420
00940BE0
003FAB60
FA71AAE0
0315C4E0
0102F9A0
0160D360
F4ACD390
01B81880
059D9420
01A8BD80
F939AC70
0B312600
FBFF7840
FB3D6B70
FFC0E820
FE7EA280
FDB12860
059B01A0
FD4E1EF0
03D9C500
01B63600
0017A920
FCE7B840
FD0EA400
012967E0
02957020
FD7E3E60
0484A340
FAE17890
FCFD0740
FD8D82B0
01534DA0
02C3CC00
F9EC0A40
FD234110
04506600
FFFFA9C0
FAD5CE70
03628120
04CDEDA0
FBAE0D90
F7A218C0
024A9E00
03538EA0
04CC12E0
021D9B00
FECB9D70
013B48C0
FB30E210
F88EF080
FB123C50
FCAE3490
01D8D7E0
FBE4B7D0
FEC99FD0
01C302E0
FD842D40
FBED0E40
046222A0
FF3F2790
F9EB8360
F85A2030
015A5040
FB756020
FDA29E10
01DFC820
F9C914B0
F83814F0
047D1D80
FFC3D480
0343AD40
FA18A7B0
FF9C6AA0
F9AACFF0
0036BF40
041372E0
092CCB60
FA7F96E0
FD018130
F633AFE0
00016D20
045BA000
FCF90370
FDAE6700
02ED5E20
03BD24C0
F68BFCE0
FAFB57A0
FE89E650
04D0B580
03662580
FE0C5EF0
08ADB4E0
FF261B20
FD7BA740
F8F85240
008C04A0
F5C0B4A0
0304F000
02C0C820
09E9EDA0
053C0620
FC16E0F0
FBEA4E70
006944A0
01B66BA0
FA685250
01C05000
FC5FD180
FC556C10
02C855C0
04041860
FCFFEE30
F95D9130
F884CB50
FDE273A0
FCE4EF70
FBAB5AB0
FB5A8AA0
F7B03DC0
00F6B960
FE811570
02C6E8C0
00404F00
F9B77510
00330FE0
FB3F6ED0
076F00A0
FA1C9600
FAC74E90
FC8BE770
FB65AC50
02BB22A0
FB0BB2C0
FFB5FCC0
0B9A3360
FF27FE50
01BC32C0
FF760C90
FF89CEC0
FB0443F0
FCD605A0
F90E2500
FA05F650
F8613A00
0601FCE0
F95AF100
01EDCF20
FE88D600
014BC540
0177B380
FEE7D4B0
034E6700
01054560
FCA08F80
FB0514E0
064EC3E0
0492EBC0
FDEE71F0
FC49F990
04655AE0
FC8885B0
FC7C5580
041DF9E0
FE0CC450
FD2DDEB0
04750580
05A81240
02EDD180
F743AB20
01162E20
FCCAEEF0
05F97B80
FA7BC4E0
015E4B60
F7025DC0
FE11FEA0
FC945B20
F9E70810
001CF8C0
01CF6DC0
FC76ACB0
F8B65FF0
FFC8BB90
FD6A3F10
FCECAD80
08A286E0
02958AA0
F92CDB30
0157E840
FD5D2880
02AE8320
06244860
02F30AC0
F6CB97E0
FA0AEE80
01541C60
FD2423D0
FA0DE850
FF0B2A60
FA3F18C0
F9CBDC80
FB42ABC0
01B6F740
FF0CE070
F97277C0
FB7E5D00
FB96F7A0
01B85200
FFEE7770
00DB73E0
0321D720
F94E74D0
00CC63A0
007E96E0
0008A380
050065E0
F9857C00
004D6380
FAB28F70
F98A3FF0
F7C1A930
00AAB080
01280FC0
F46D1EA0
FAA35640
0135CDC0
00B03700
FF4A07C0
039F7BE0
F5A2B100
FF8F5BD0
FEF0F4F0
010A0500
028C0E20
034C5B00
FF742760
FD6CAFC0
F56C6AC0
02776BA0
F87AC600
FAF42D00
00358200
FD91FAC0
F42D94C0
FC356F10
02A2FE80
0409FD00
00E8C240
03C02400
FD74FFC0
0877F980
029B54A0
FA76A060
06EEC3C0
FE66E470
037D48A0
FDDD4B40
FD20BCF0
0196ED00
F70B3700
FC6BE320
F6544860
028234A0
F8BEE150
FC913B30
F5D39D40
FCC624E0
FF837780
F9D04580
FE51EFB0
05095800
013A4360
06D5C580
00D47320
FEED36C0
FFCA5B10
01182AC0
03486AA0
FB6C32C0
F6E99470
FE9AEE60
05395CA0
FDF1E540
FB258380
FC9356D0
F2982E50
047F48C0
04720DE0
05C88700
FE90ABF0
F86700B0
FF56FA90
F82AEFF0
FD857020
03BE7440
FA9D3DE0
06737600
00248440
FCBBC700
FDE8E890
FA8AEBB0
FD13FC60
FC070BE0
04E5DC20
FA4D2060
03090160
FD732900
0248EB60
04DC2720
FD8FD800
047017A0
FDA72050
04D326C0
FFE82AF0
F7529360
FD365200
F80C38E0
00CD33C0
02CB8B00
FBF343A0
FBC581C0
FD58EBE0
FDE3B4C0
FCE041C0
FFEE1620
04BF1DC0
F4523B20
02D43660
FC8B6700
00714440
FA9A9940
FAFE5460
FD6F53A0
F9FA3DE0
FE49A6F0
FC53E250
FE059A50
007ADE60
004A8B40
069CA600
06220520
F6E599A0
FDDEC2C0
02A6E560
FE249620
FCA426C0
FF1E7D30
F2D2DCB0
FAD02890
01FC48A0
FB4E8290
FC8025F0
FFA23B20
F904A0E0
FFE12800
FFC47580
FC957F60
05F7C580
02FB9500
00E53320
FCB58F70
F46A7780
FC14CBD0
02740A20
01A8ED40
FC18DE00
0868EFC0
FC77FBD0
015B9140
FDA93FE0
FD0A0F20
FB5F31C0
004AAE60
FC34B7D0
0236EB40
0318FAE0
050BFBA0
01909B00
02B60120
00F04780
F7FAD680
FCA1AB90
04E579A0
FDC43630
01A83F00
FDB0CB40
020CCC60
08E83E20
02C4A440
FF027080
FD0EDEC0
FF1C3210
02C7EB60
FB715350
F8D659E0
00EFC980
FC3F43E0
05F38280
0249EDE0
FD08A490
FABCB6E0
FE8DA440
0052B380
0168D7C0
F8E9EA50
F8AC2110
F6A936A0
0158F6C0
FD9664B0
07E477C0
FACD2990
02EE4B60
FCC4AC40
FA2BB5C0
FE0397A0
00961220
FEE141F0
FE591F00
FEBD7A70
0354C5A0
FC348F10
FCF1ED20
FAD1FBF0
007F7C60
0654D5A0
FA6CB3E0
FDC6ABE0
FBB1C630
FE8EF350
FE286C40
FDCE8600
021F6580
01261CE0
028BA3E0
FEB8AFF0
01E4A100
F9D2AD00
07BABF20
FD6F4EE0
002532A0
FBF7E210
055841A0
02179D60
FBF62DF0
FF0F8500
026FFBE0
FC7D6960
055DD1E0
F9EE6A00
0232A780
FD544820
FEF96030
0382B840
FC652B90
F7D4DC50
FF5BA1E0
FD032CC0
FBE53EE0
FD3D4C70
F9AEECB0
025D2BA0
00478340
F985B630
F93FA6E0
F8F44A80
FCCAF750
074EF8A0
FEA06300
04A08180
FB1DA080
02F97A40
FF2A25B0
0122A360
026B9F00
FA5282F0
02A8B060
F8832140
032633E0
FD819870
025EABA0
023151C0
00D34C00
FEEB1C10
FD458250
FD0BEC50
01318D60
FACB6B60
FC475CB0
03DA1320
FA779090
09ADDCA0
FE884C90
FF3ED9C0
031F5960
FBDDD170
FEC8A300
01940500
05F4EDA0
FAD02BC0
FF78FCE0
FB76C490
FCFB8690
06B39A40
FAD00250
FA707CF0
FFC123B0
00021820
0121CA80
FDB7A730
F8DCAE60
FE233020
F71F3700
03339A00
F43EDE80
FCC55CF0
F7E4A860
00578D60
FCBA37A0
F92B0DC0
FFD31C30
086056E0
05221B00
06FB9700
03285940
FEA861A0
FB99F4D0
FECAD1F0
03F26B40
FE4757A0
FE82C2C0
02E4FD20
FF549CB0
FCCD6440
05A35CA0
00C83020
FD8A13F0
07620FA0
FEDF46F0
004C2E20
05FB6840
0058CDA0
F949DBD0
FFC5DB80
F9A06900
F94E4F10
FD7AE4B0
FCD80690
FEB89940
FFA9AC90
FC551730
FEB6F020
00D31CE0
089D2360
018B8600
FDC7B0E0
06A81C00
F97228C0
F8FCD410
015426A0
04FA6E00
FCE0C570
FCB92730
FB14B140
F8D4B920
004E4EC0
FCBC1170
0110D720
034458C0
FAEAABD0
FCD99FF0
FAD86A30
0027DA20
FA6599A0
FAA135F0
035228A0
FE812360
FD052560
FD187D30
02F5ECC0
FA3B2A00
01637CC0
F709F270
FD67AFC0
010FB0E0
FEB0B8D0
FC459100
FB9AD790
FEDB52F0
04072A40
F43D61E0
01A5F1E0
046E7740
FB4163D0
FBEF02D0
F72625C0
08C22BC0
F88DBC80
FB081D50
0271C7E0
00D127C0
FF501D00
046E5080
FA8F7070
038A3B80
FDB6EE20
F724DAF0
FF6147E0
FED4FF00
028D5020
FAFC7690
F887F690
F825BEF0
001A0960
04049E20
0419DA00
01B9ACA0
FF4B2F90
FF8A43F0
03650AC0
071CF700
FFE6E510
0335B5E0
FEA3E510
FD84A6B0
060B11A0
00DC5A00
FDD01C00
0199DAC0
FD2D3C00
0496F2C0
F9F89350
FD53BDB0
FC744C20
F8E671F0
FB839730
FBA363D0
01760920
04136600
FFA1AD50
FB8C5A00
FD8A6E80
00B410E0
00F991C0
00A777A0
FD715C40
FDD36DB0
01D5B0E0
020529A0
0489FF00
00347E60
00BD2380
066400C0
01630EC0
FCA7E150
FCF58CE0
FD423970
0052B8C0
FDFAC760
FD661190
0A511680
001E9740
05B78280
FA2623C0
051DC8E0
0025ACC0
FFF6EFE0
FF627560
03278DC0
FFBC53E0
F4D2C020
02AB6280
FF3CA9B0
03B3AF80
02961C40
FF6D6340
FDA9F600
FE58ED30
012BDF00
FCFC6FE0
F7BD2DB0
FDAC8BF0
00C04960
FF5E47C0
04715CC0
F9E5EA90
05CC8E60
FA3D2560
011B2480
FEA2AF70
FFDFFB10
FF1AF350
02B4E6C0
FD616560
F5885EE0
FF485170
FDAEA840
02733C80
FE88F6D0
FAAD89B0
FC8B7A20
FCAA7750
F99F4EF0
F94A4BC0
FB674790
FF794980
FBA7DF60
FFDBC8B0
00DFA360
FEF41770
00161BC0
FB5835D0
FD50D550
0410AD60
FEFA49C0
00DFB300
FFA42B00
0193A560
0267DE40
FE1A2A00
FE10B6D0
FBB60BF0
FCA325F0
01D76320
FF6BAC00
FB447220
FDE0A7B0
FCCFACA0
FE4F5380
00AC14E0
FDEDB2A0
FFD48B00
FEBC2B80
07842740
03E21AE0
FAB26070
FE48FC60
F96AB430
FDEE6220
FE5DFDA0
0532E6A0
FBBCDB80
01648920
FC25DE50
001C1A40
FD765C70
057BCBE0
05E5DD80
FA7F4CD0
0372E260
0325ECA0
02577240
036608A0
F732BAD0
F9E93750
FD1EB7F0
0050C520
FA896500
F72D35E0
FC9B4B80
0223DE60
FC817DD0
FDA05C70
05408D40
062771E0
FFA40F80
FE87E960
F8757FB0
07B810E0
FE617CE0
FC01BE50
FFC08B30
0482B420
027135E0
FE553760
F9B96870
00E46BC0
FD9A1210
FBE13110
FBE90C50
029B7AA0
08710740
FCD07CC0
0315B4E0
037DE640
F6C1B870
0022DFA0
F66DDC80
FE3C60F0
00FCD7A0
0095BBE0
047F8A20
00DF8860
F8038C60
FC6964C0
FEF99320
039F8EA0
FC7310D0
F8F78970
FDA2CEB0
FDBAF050
FC7FB300
F536AD20
00EA3200
FF348AF0
F930E280
FA4E9CF0
05C0B700
FAC90170
FC10DC80
FE74BDC0
FFE083E0
012F7960
F59E3700
FFAA27C0
05A636E0
FF91BD80
04EF0E80
003A1BE0
F843C360
F9E876C0
FDA4A7B0
FC5C85E0
F682C920
FF2DF220
013AC060
FF36AE10
03ED3C20
FD677AE0
0371BD20
FE11D640
FF01F4F0
F7E4E240
03A10C80
07113160
02C4C7C0
F9C98150
05D67480
FD9CF3C0
00518620
FA8132C0
014D5660
FCE70930
0A2E0360
03AEFC20
025124C0
FBE29130
FADA0FB0
FB054A00
00737DE0
05077B20
02987060
F8C03010
006A7840
064ECEA0
0196D7A0
036E2C20
FC0A12C0
FBE5E590
F8187630
FE8AF020
FE5ADAB0
FD0DBC00
004149E0
FCD97580
FF8110A0
FAA41630
FFF28AD0
02BEDC00
02DE4C60
FBDA02F0
00B3EA60
F9C071D0
FB25EAF0
0035F300
FF89EF40
FC69FE00
FC3A8F80
02118D00
FE022A50
01AAAEE0
F9AEE460
FD96E5C0
FDDA53B0
FFED0DC0
FBC60E90
0395D5E0
F8C8A800
F90757C0
00688920
FDC3E570
03DFFE60
FC7B7FD0
FF54BDB0
00454D20
FC9412C0
F4F741C0
FF8650F0
02F4DFA0
FCDFEAB0
F74CFA40
FFADFDE0
FC83E450
FFDBFE70
FEF1F240
FF297B90
0AF53D00
F94598F0
01A69CE0
FC116080
02BEBFE0
FAC841A0
FC5807A0
FF602420
024250E0
FC7BD320
0A477840
FC6F3160
FCBCEB50
F9845D80
017317E0
0031D140
00705A20
04E60500
FB405930
FC607960
F7FF28B0
FEC3F4A0
06926C00
F64DC9A0
0173F620
FDC8E5D0
FC6E0550
FD609730
04FB9960
0353B4C0
023F8420
FB9EB230
051A6AC0
FB6B7B90
05F82980
FE808D50
F6F470E0
FD368C30
FC5A6C40
053814C0
0240B120
FE4AD360
00168B80
04E95DE0
FE9D1F20
F9545F20
0144AC20
F97787E0
FCF74E10
FA921EB0
02CD70E0
FE7DEC30
FDBFA0E0
FAB19D20
0471EE20
027E8980
FE763A00
FEEC40D0
00528700
FBABAEF0
01641940
FE13C290
FE56F590
06711540
080CDCC0
FD3E37C0
FB453C00
FACA58A0
FC043190
010B6A00
FFA4A690
FE341F30
01AF91A0
FD6D2940
047A5D60
FADD3BD0
FAB57160
FE8E8710
00064720
F6F70AE0
00882380
09F2AE00
026393A0
F9B18440
FBDC1240
FD99A150
016D9020
03FA3FA0
FA36D580
FACE59C0
09018720
07914A20
01F7CAA0
FD4CA050
F6B46500
048BE0C0
FC271070
FDC250A0
F63C1AC0
FE0F44E0
001B0240
0205E6E0
F9859CD0
F7E5C2E0
025F7900
050AD720
FD665340
05812700
F94E5670
FCDF0120
FD424180
08640C40
02125C20
FC156160
03261900
05231C40
00CD01C0
02E90C80
FA1EB140
FFB27130
FD0E1ED0
FA5F7FF0
01914E20
FDD73C90
07469700
00FE62E0
01C9DCC0
FF2D0180
FE429D70
FCFC98B0
F86AC210
FEF8FB60
FD876550
03A777A0
FC72EB60
F84F6D90
FEBCA940
02B6CE00
FE2E2A00
F96776C0
F48CA7E0
FFD791E0
FC41F9D0
FBD07C30
F8E2F4C0
007BB720
08074120
056B46C0
0651E620
FDAFC950
028321C0
FA2191B0
0006A800
0215EFC0
04E00CC0
06C65D40
F9F9FDD0
03FF3060
FEB3B3D0
FE875810
0051FF60
F830C6F0
FF2F0280
FB097F50
F91BC380
FC82E290
FEC60610
02FDD7A0
FFD04610
FAE91DB0
0214E820
02AA13A0
00A47180
FF40E110
FD58C910
0037A6E0
FE47B530
FD2D2AC0
066C5D40
F96CC210
FCCA7EE0
FE88BF50
FDAB4EB0
FA920420
0394DE20
FDDDB790
011615E0
FD07EA60
0170ED00
FFFD2E80
03D55420
FDC4DF00
FAFA3E00
FC302F30
F851F010
03314300
01C70960
01E50320
0610CBC0
FE7C5A70
008B0040
03871160
04CDD740
039F8AA0
06415140
030F4680
0597DA20
FEFC0C50
FDE7B570
06760D80
FC8E7D30
05343F80
FD6CB610
016882A0
04D04DC0
FBC01C90
FB042F90
0400A740
FA93E1A0
FE622D60
F9BD8450
00A063E0
FAB93DF0
FC4E3C50
FE48B8B0
FD4AA930
FFCC0B90
F98FCDD0
FE21B870
01317460
01FC5720
FF1F6440
05145D80
F72EDBE0
FF3DEA40
FCFEAFC0
01A44E60
FDED5800
02D95200
FCA0A9D0
FB3A3F00
F1432A50
00E53720
FE1564A0
00D96FC0
FACB9E60
090EB320
FD7178D0
FE753150
FB6EF350
039CB200
F9DE3100
01204C60
0489E580
00A4AB40
FDFC9270
03AF1C20
00972F60
FC02D390
01D65400
02751C40
FB171020
03834BA0
00C3D280
0030B8A0
F759CE40
01658040
FE169D90
FE9E4F70
02BB3C80
0697EDC0
FF9077C0
06B68780
FB89A750
FFD668D0
01D46BC0
FF188550
02970980
F86A86C0
0167CBA0
01154B40
FE242120
FB86AEC0
FCB4CCF0
00216500
006FD4E0
01B08020
067F7FA0
045A12A0
FFE78340
06AAF580
02F4EA00
F8E1B8E0
FBB93B20
009D7F00
FE0EBCA0
006D5FE0
FD8C9A00
FD8FF5C0
07E57920
00AA45E0
FC970200
FE6A3A30
006110A0
FD3CABF0
00EAA5A0
026A3240
F7B54DD0
01F68960
FE76A9D0
FB4CA3E0
FFD4EAD0
00977700
FCC09280
FD050E20
0104D880
F86540C0
FE7C6D70
FFCEAF80
F5C840C0
01552220
0065A080
FCE7C320
FC45E1A0
FFC87D20
02656D00
000E61C0
026B3600
FDF3B270
FDF4B7B0
FCFE95E0
FF36BF60
FD9A4A50
F9329220
FBA7A810
FE8F2580
FDEC2B30
FDB9E170
FD2DF6A0
F83F7700
FFE20170
FC9B4DB0
04A30460
02FACDC0
0225A340
01B5E280
F84BF890
FE1AEF00
FE3B7050
04734580
FA44C980
FF27DEA0
FF51DB90
FD0A1010
FD467280
04413DC0
017A73A0
FEFF33F0
FFAAF850
FE5965E0
00F51280
FD5A3030
FD0EC380
FF822FD0
006D1F80
FC3D2840
FEB2F370
002D17E0
FF3BD980
FE5E7020
FB0A63C0
F49F2C00
028CA120
FDD2C430
06D7C5C0
FCCADC80
001AAB40
01C10120
02F06B60
F9583950
00620760
00F29520
FAA959F0
016A8680
FFCDD1B0
FDC4F060
015702C0
FE251D90
023F66A0
02E9A460
FD21AE20
FC1FC490
F82F4BD0
F88F6430
FDE3E9A0
FD241240
000EA320
02FCC960
FAC60400
002BE420
0635FF60
F87C5CD0
001B4760
04A0A040
FF892B20
FB8E8B30
00BEFA20
FEADF820
FF00B530
FCDC71D0
007C62C0
047919A0
F9551D00
FC0C7100
FDC1C4A0
FBDD4B10
FE31A750
F9D41670
02E5E920
01C3C900
01C25480
FECF1670
FC7E6060
FE8B8FE0
FED50B00
03436100
FE8E2AE0
FD7496D0
F44C1740
002BD420
03082E60
FFE645E0
FBAED710
FD000AD0
04612000
FAB6D320
02EF5D80
FA79FD00
FC390380
F95AAAA0
049B19C0
FB83D6D0
045C5D60
FE9D5560
FC96C3C0
FFD0CE30
FF79B820
01BA2D20
FBF305C0
021AD5C0
0115B7E0
FE6F3ED0
02DEE080
02D90980
FDBA5240
0330AC40
FA9E9BD0
006B2D60
01994E20
04065F40
023EAAA0
02470580
05AFCBC0
FB15BFE0
03B9C260
FD177950
01629300
F8729700
FEEFA870
FAE59A70
F659D990
FF1F18B0
F7C61860
FE638AE0
FDCDBE00
0025E300
0288BB80
035AC0A0
FCA5A800
FD14AB20
0045AB80
FEA609C0
FCCA6860
FF5A89B0
01EE7D00
05B5A040
FE5A5AF0
FF4BD8C0
01721000
FF0D2F90
FE47CCB0
051499E0
FE112A50
03CFDA60
FDDA6FB0
FE3CCD40
025828C0
FEB26810
FC5088A0
03612420
FF7B5690
FED1FC50
012C3FC0
F97A77F0
FFA998C0
FFFF7700
036FEC20
043C5FA0
FD443480
FF8D1AA0
FA208170
00673880
FFCA7C60
F6F67B00
062573E0
0109B920
006DB340
000DB4A0
FC64FF00
03AEFDA0
FED03390
08C641C0
0412E3E0
00A88640
FA0B6DE0
FFF50040
01BA5460
06E4C460
FABBCF40
FFE1DC20
0059A160
FD8F3AE0
FAE5CEC0
FB0A68E0
FA3974E0
FD3616A0
F90C4940
FBCE88D0
FD5F2680
03478A40
FC0774C0
F9EBBE90
FACF1870
022C7220
00D8AB80
047755A0
01F89340
000F0BC0
FD16EEF0
F9F97190
0503C1C0
FB0341D0
064CCC00
09C2E9A0
00448B00
008FB2A0
FC76F5D0
FF543E80
00DFDBE0
057B58C0
FF3B7380
0204DFE0
FB1B3120
FCCE7290
F78531F0
014C6620
FBF7E9C0
FE9C25D0
00CA7820
00B9C540
F9D4B8A0
FFAA7050
03C86980
FF236CA0
06AADF60
FE203A60
0094E3A0
F8CF8410
006B5FA0
FB6E2B30
F80C4580
039547E0
F94E28E0
FE367060
FDED4660
04E0C620
F7B88CF0
030F2240
067E7620
0296C9C0
FB1521A0
0892A720
FB34B3D0
FA10E4D0
072D95E0
FD507AD0
FC6CF0B0
092D9220
03D77900
028CCB60
FC510ED0
0008E4E0
024D5DC0
01E36220
FBBF1E50
FB48B860
032A09A0
FA4F67D0
00436180
00A22C80
052894E0
FFC6D0C0
FAFC9A00
FE0A1350
048896A0
FEDF3170
0349ED80
FC30A490
F9DAE4E0
FA058DB0
01F7A5E0
FB2E29B0
00D709E0
FE557DD0
FF6A42F0
F5B27980
000C37E0
003D5E80
FFD15BA0
FC2B2640
F92613D0
04A09C00
FE4E1E40
FC8C4F80
FC168200
03645900
FC09B7D0
047D4540
032E67C0
FC763AC0
FC7AD410
FCD20B70
FE64C4C0
F76F3B60
FDBA3540
FE532B40
FE660DE0
01440EA0
FDDB8540
F8EE6180
FC3EF630
F73BC280
0375A460
FB06AC60
03DEADA0
F8717850
F96C1DB0
FD91EFC0
034DEC60
FE2FC640
F8EDA0D0
FBA93450
FDA12080
FED105F0
00F5D860
FD6EEBD0
FCA90750
F542AEE0
08825EC0
0513A180
FF9A1FA0
031F8A80
FBE27120
063EAB20
01D70D40
048E6520
FE1FB870
FD7C9C70
FFEBC450
F8420B70
04D4D0C0
FCE7ABB0
FB714A90
00961E40
05CBFF60
0202E9A0
FC879880
050956E0
02DA4D60
018D7BE0
FDEDFC00
F73559A0
04C15BC0
00775B40
FDE54D00
02A00560
0167CAC0
04710320
FD49CF80
FC5CB860
FB896B70
F87A05C0
FCEB4390
07072860
01C96BC0
FF3C62A0
FB1E8450
0127DA40
FFB9F450
03D95680
02378320
00A61400
FD8916B0
F3711850
006FC220
FF618D30
FDFC91C0
FEB9A1D0
02FCD9E0
FD49FBD0
FFFF5CB0
FAF2CB30
FEC110C0
FF62C960
FF615A80
FCEB5620
FE032EE0
01F06680
0A7160C0
06EA23E0
0027E8E0
F7FFFAC0
FB84FFF0
FFD07890
02301F00
00B272C0
F8761EB0
FB3ED990
FECD6550
01585A20
036E1C80
0230DCA0
FDAEC3A0
039AD340
FDDD6DC0
FDBB7BF0
F9863950
F919D020
04FBC9C0
042E6220
FB857420
FD367730
04155EE0
00ED46E0
FC2A66B0
FFE9C140
01121E80
F36A98E0
FCD0A570
009F7D40
0102CCA0
FBE16870
001415E0
F6832FE0
03140760
F4393F50
FD7D4170
01290380
F52E3B40
060A71E0
FB15D290
FD7E3760
FB83A680
FBA5FE60
FACA6E80
0587D820
FB993120
04F69B00
F864D560
005D9680
06B05AC0
FF044140
018F0520
FAFF39B0
06828520
03149B20
FD454940
FC01D620
0146E300
FE9121D0
024CC4A0
043A9B80
FC21AA70
FE672070
052302A0
07467AC0
FE9F2A60
FF2CBA10
FE65CFA0
FA58B1A0
FE5E7F00
FE543870
F9205CD0
F749DAF0
02DDDFC0
FB7C68E0
F8CBCE20
FE008320
FF0C5AA0
FF760A30
FED608A0
02CB3660
F940AD90
F9018B60
FD829F30
04742040
0605C640
FFC03EE0
001E1BE0
F65D59E0
F94EEFC0
FD2D67A0
02106820
FC9DBA20
00EC4840
FA7A2B30
F794B480
0293BB20
F8EDC140
FDF87390
FDC34E30
064DB9C0
04E080E0
094783C0
032EF840
FFC6FBC0
0176FAA0
02A70880
00FBD520
003D4300
F9587300
FEFD8E60
02F5DAA0
05074780
024EB880
FEAF6020
FD5FF8E0
FE362070
FE067D50
01CFBE20
01717E20
01F8C940
FBFC79F0
007162A0
FD5F4EB0
FF1D6BB0
03D102C0
FD1F04A0
00412740
FEEF4580
01C65540
08FEBF60
FC135C50
01F03D20
FE932E80
FF2FD410
04E60100
00DAAF60
033AC0C0
0243B760
F89A47C0
F2E695A0
F8D6CE90
004713A0
FE76A000
F5B0BF80
0239F4E0
01085F80
041B4280
04DC4A60
0264B620
F7B575D0
00808F20
01968120
0085AEA0
FB6431B0
FF5B95A0
00EEDE60
01B07CC0
024039E0
0696FB80
FB18F250
012DF200
FE1A6C60
03606340
F9ACF400
04854820
FCF9B060
FA3BAE60
FE9C60C0
FE2516D0
055A25C0
FB90C280
F70C80D0
FB225180
FFCB2910
01940A80
FFEDAA10
01F82420
FE7AB7E0
FBBB90E0
FFBBABB0
FBD6BA60
015A48A0
03FFA260
FDDB5340
007DDFE0
0505D860
00647EC0
022B5C60
05D579A0
01074800
FED4B860
FE7BB040
F88F5830
FD88B7C0
FEDF6320
FF010DD0
04532DC0
FC159140
FCE34460
006086E0
0403A320
FC0FE230
FCAEC070
04132880
F8C40190
00917B60
0492E9E0
FF99B200
FD618CA0
FF8D6690
FCA87480
00266100
FED44F50
051D9DE0
01C8E420
05054D20
0015BBE0
F6788D50
FB6DA0F0
00FDF140
FFACDDF0
FD947D70
04E82CA0
F63D2F40
FA119A00
00A1FAE0
056FCF80
FB2219D0
FF969F20
02F34800
FAF12F50
021CC260
FD737BD0
FCCB9E90
0498E060
FFC5B3E0
01FCF880
02140CC0
02701640
FC2F7B40
FFC82740
FDD41E10
015787C0
FE383050
FDDD4470
F59A5CF0
FC214F10
FCAD0340
FD375B10
FFBE0AD0
FE2055E0
02FB3340
F83829C0
FC578A90
F91001B0
FE9029E0
F8F7D010
078E1200
0023BEA0
0462A460
FECFEAF0
040F78C0
FF256E80
FA3C4C70
025CD4E0
F97AB290
027648A0
F5FDF470
0356E240
FF243700
FBE96380
05FDB440
FFB445B0
F8B734C0
001C2140
0030A260
050259A0
0288CFC0
0165F580
00361760
FE75F260
03D56F60
F6265B80
025D4F40
0267E420
FCF01050
FF820030
FD5589E0
00919C80
04D644A0
FB0EDD20
04182360
FE193850
02A12B40
FBF37F50
0A7E6320
FBA21C80
F9F88920
FFC7B8A0
FE4F6640
FCFB65F0
FC3E1300
FCC41290
FFF28A70
01668E80
028C3B20
FE0955A0
03EBA500
F4C79170
FAC91DB0
02B072A0
FE3DB2B0
087E51A0
03A4AC00
FD6B9370
FC3130C0
FED6BB70
04A8E6E0
01272C80
FE0DCAA0
02ACC380
01F99180
FC8BE100
06D93CC0
F97D0D30
040DA8A0
0035C8A0
031E57A0
F9F0E100
05A94620
01944760
00918980
FBAA2C50
FDAD3B00
FDCD6D20
0423E540
00AF8A40
03143740
02551360
FDFA31E0
0566EF40
FD007C10
FC01DC80
FB0E38D0
044D5400
FFD47740
FE19CDE0
FC509CF0
007780A0
0125BCE0
FB7F0B20
FEA31370
01664300
FEAE5CF0
F8399C20
04B76FA0
FAECE980
F9FDD8A0
023700C0
FD1E70D0
02554EE0
FBE06AE0
00E2BCE0
008A3C20
FBF34C70
02F9E740
00B37B00
FECED9B0
FDE20000
008CF8C0
FF676E40
03745A00
0B4E4E40
FD17CAC0
0033CC80
FAC1BE70
00C940A0
0556B7A0
02B3E560
F1F2C270
0508E8A0
FFC3D420
060D69E0
00DE6D00
00622120
05EC0DA0
07E9A300
02458820
FFABE5E0
0246D6C0
FDBD1B40
FF3F5180
00C65D40
FE269560
032D3500
001691C0
057FDD40
FA0EEDA0
01B9FB20
FD61A4F0
014D5F00
FFB7E0F0
02C826C0
058B93C0
FD8FE1B0
FD6A63B0
0067AB40
FFB66850
FC38E400
01B52C00
F80E98F0
FC168850
FF202480
FA184B90
FC804650
01DE18E0
0374F480
022B77C0
01650C00
011D4D00
FDBE0D70
FF7025A0
F8D22190
05ECB360
FDA5BC00
FD176B40
FF0E1EF0
03E589C0
FCE7F3F0
FE694EB0
041BF9E0
F905FC00
FC277BE0
01A533E0
04A5A020
F83E57D0
02516DE0
FF041090
FF5DA9F0
0130DE40
FFC93BF0
011284A0
02E8A2E0
F91D7FF0
F9F340E0
FE5FDFE0
FB93C570
FF86E3C0
003731A0
FD880E20
00A3B480
FEDC8BC0
FD97D1E0
FD841270
017032E0
FDDCC140
014AB5A0
04543440
FB949F10
FB984570
F9425240
F7B9BFC0
00014D60
038EA220
027C8F40
FDFFC9A0
066D4AA0
010A6DA0
03C9B160
FCB6C0F0
FB79AD00
00408CA0
05995B60
FCC01B30
FEB8BC20
033E3BC0
05735660
F16D7F40
02983920
05228DA0
00337800
01AC61E0
080C7CE0
02FE81A0
0042DB60
035D8B00
FEE36F80
FB94FC30
FA255070
00DF3120
FA66ACD0
FCB31C00
FD29FBB0
FC476740
FE98A6C0
02014520
FB7A66B0
FFCCB5A0
FB7BDF10
01FF6300
FE0A00C0
0B6E37A0
001C0160
07D60DE0
FDD45B50
07146600
FF7A1EA0
F29851D0
FB9C3CE0
FCAD90F0
FB6E0E00
F8FD8FF0
FCCC07F0
0B225700
FD6CD5D0
F1DC49E0
FBB6F7A0
FBA7D240
FD7BB730
F7606C40
F976D740
FC3A7B20
003FF080
F8E92580
FFDC5E20
FBC376D0
04338580
FDF15890
F7138080
01983420
00E02C00
0408B7E0
F994C860
FE4D7A10
FDABBBF0
040BE1A0
F9C510D0
02F651E0
FA5E48D0
FDFB2ED0
FFA8D6A0
FBAB19D0
FE957CE0
0613A920
FBAD54B0
FD131710
FA8D9920
FEFF4380
0C50EA60
FA69C7A0
FC239440
FD2B49B0
02CEBBA0
FD64DEC0
FB2DCC80
046BA0E0
035500E0
FCB1DAC0
FC956F80
05CBC060
FDF183B0
FD348E30
FBFD85D0
FB87E870
FF9CE900
FDFA12E0
03617E40
050CD520
FCC41570
FECDEE40
FCE7F560
FC731700
FCBF4580
02D4CF80
FBD1A2B0
FFA8B3B0
03105600
FF6A6890
01046F80
FD06C0D0
FA831C20
FB5518E0
FD2CA250
FC0BB460
F745C0E0
FFB842C0
FA2D7D80
048B5CC0
0715A4C0
04130EE0
0A34F420
04320B80
F9A381D0
F46C2220
04D13BC0
FB75CDA0
FBBFC950
02401440
0592E1C0
015C2180
FDCECA50
01664120
00F4D060
FC464AD0
FCF3C560
023A9EC0
05FFAB60
04979C00
FF772680
FDC9C070
0509E820
01B28220
FEC3C970
FB3F7320
FECBBDC0
00761D20
FED84DC0
FC506550
FD9F7090
FFB018F0
01596AA0
FEE9CF90
01BB66E0
FED86D10
F9533B00
FD2FA4E0
F8B8A370
0135E740
FFA32410
00E2A540
FBEF8100
028AF600
F8BF7EB0
F7DE6580
FE869880
01D95660
01E6C740
FE6537F0
FE9AAED0
02F00D80
FFC60640
FF2255E0
F4780F80
FBCCD180
F8F49ED0
FD0EA5F0
FDF6B630
F94E7E70
01547760
F769F020
FF296C70
FB102310
FDF04A40
FFCEA180
FAB48010
00293A60
025D4320
FDEB88D0
04D632C0
FDCF3D50
F828CD30
FA791AB0
FC2BCCE0
F5E65AC0
002AF7A0
039A2B60
FD7EB020
FB17B0A0
FF47E6D0
010A5540
00A986A0
0011F180
FF70BAB0
FE98E0C0
FA6EE2A0
003507A0
02D3C1A0
03E7A920
FB474D60
FAD0EF20
04A02920
023E3740
00F73F80
FF9A8E30
FAA5ABB0
FDFCBC00
028A1FC0
082FD320
010C8760
04C74E00
FE968FB0
F9E0F920
F5B4F520
FC8D0D80
FF947020
F7D19240
F9573310
FB846720
FCE966C0
FF3562E0
FD8D4110
FE427030
FD5A3130
03F775C0
004A1B20
FBD3FD80
03AD0C40
FB82B3B0
0058EBC0
FF7F4C70
03723F20
02F39F20
FF8EDC90
FA265610
01E4D6C0
FD12CCA0
FF115730
F8584280
FAECF570
016F2A20
00BAA5C0
FD549B20
FC52AEF0
0514B0A0
0387CF80
00F86000
00238240
FFC99D00
FDC7ADB0
FB105320
FF036650
01906820
0071DF60
02FD2E80
01C9E320
01DE8AA0
027C8F60
000C5C00
F953B0B0
029BC6A0
02B52BA0
02CAB040
03A35380
FF5DD0C0
FA8546A0
FCB30AB0
03574460
F7964510
FBBABEE0
F8F17400
FEF26430
FBBA4D40
FB2FA9E0
F854F1A0
FFCE0A90
03BB1320
FE70FD80
FC7F8040
0482F840
FED18E20
FEB1C680
F743E740
FF33A3A0
FD1C25B0
03801CA0
0023FE60
F8B3ED50
FEDCB700
F9880F60
02540B40
FF5344B0
FE6DDCF0
FBF78B70
00849A00
03D23560
041A1DE0
05C7DF60
0B06C9C0
FDBA6200
FE6C0300
FF457C30
FE685470
050A7BE0
F87A3C40
FDA91240
00F09EE0
FA112880
011ED4A0
08631A40
F8EB5820
06E54100
FEDCD1A0
00C7B320
024E8BA0
0543ECA0
01D85AC0
0155FCE0
FE8EA750
F85A3C70
FB9752F0
00E0A420
02327F40
FA356E30
022A5500
F76EF040
FB8B3890
059F9660
02F8FD80
FD824CB0
FC2794D0
F8A91A20
FCEDCF50
FF01E450
008ED5C0
F8803670
05BF91E0
042948A0
FADCAE00
F6F0FC40
0697AC20
FDD938A0
FB83D760
FB7D2DA0
FADD5800
FFDAB300
0269CB80
FB0CBAE0
05F10CA0
FC42B530
FCAAEB00
FD718F60
FC8F1190
FC557AB0
FD4067F0
04A43D80
03C19980
05D0B520
030A1BA0
FAB76290
F6377680
05AE68A0
01AB60C0
FBBDBD90
FB5ECBD0
FB9729F0
FDEECE00
FFD37730
FD8CDFB0
FD626600
FFFEEB40
03236C20
FA0921D0
FE1B1CF0
02DA2C80
0281F3E0
039D01C0
FDB78D70
FB752E70
FD49C350
06746860
00642580
FEEC9D00
FB51FBA0
FDA20880
FE37F2F0
013C4980
FD414050
FEA53910
04B90520
015A2200
0D6CDAA0
024763E0
F962C500
0077F1C0
0045D760
FEA06970
FC6911D0
FA931900
FCE2AAD0
0481B6E0
02F27B20
F8324530
FB3277D0
F9E9C850
FCF052E0
FAEC8460
FC558780
FD76F5D0
FF764B60
0005C740
FDB57960
FEADABD0
019BB040
01DCD6E0
FCC65520
01BC5880
F8A28220
F8022DD0
FBB33D10
03448980
FC964890
01242560
FA263660
F962B1C0
03594460
FEB7D480
00E79820
FAA09180
041CD640
FEB7DEF0
FA759390
FF373A40
F5D95EB0
FB78B230
FE14A890
FEA09630
FCEDF900
FD4AE060
029D2600
F1F89180
01DE8380
FA3BD190
004F8880
06DCA880
003C0CE0
00DE6460
00DE5940
FC890660
0222D1E0
007DC4E0
FA16F2F0
FF0DEB90
032F5380
FFCAD130
001AC1A0
06305EE0
000F8000
FDEE5E90
FCE6E8C0
FC455EA0
01204460
FEF1B7D0
0166A840
03464460
FDE78B30
F95580E0
FDA824B0
006C78C0
050F2600
F386DB80
02ADF640
02254560
F9AB3090
FA7FC940
FFBF4870
0372C900
FFCF23A0
FF153E70
FAE87ED0
F9ABC510
03AC4140
013B06C0
FD8028D0
FDCCE8D0
FEA70C90
03BEE000
FA3190F0
03EAD040
FEF72B00
FDBA2030
FABA80B0
04476740
05C30760
FA93E530
0310B420
0166B4C0
F9257230
019B5320
FF094210
00A7C540
011BBDA0
0971A080
03A9F700
003C6260
0562A960
04794F40
FB9369C0
0205F380
FDB68310
F9F04E80
FC2E0D20
0619AFC0
02A99500
002B22E0
FF2DFA60
FDF8A010
FEBF7F00
F7BA4880
FD11BF90
FF7C1B80
04309460
00C67D60
00005660
F7AFAD20
FAFC7BA0
04FE7CC0
FF653760
FA003290
00F5FF20
F8F29CC0
022A7260
02314F40
058EE0A0
026F3C60
FA886EB0
02E8D460
035F3940
FFA3BC40
0031B5A0
04042380
FDA5D640
F91FAD50
FF921740
FEAD1CD0
FE79CD30
001C52A0
00197540
F7EF6BD0
FC542AC0
FFFE2E90
F7D0C810
FCD42AD0
F9510BD0
F7650040
FC153660
FE45ACA0
050A5CA0
FDF572C0
00792A20
FC40DF50
FF4D52F0
FDF78090
002D62C0
FF26E810
F78A3C20
0145F2A0
FDC34210
F777D620
FC729FD0
FEAEA2D0
FFB1B410
F3E66B80
FC07BC50
04F897C0
083B45E0
0291F300
FC80DAD0
F6B32990
02C96020
FD9820A0
0660B100
0672FD20
03528F20
02607BE0
FDB33D00
06A821C0
04468500
FD221970
033760C0
FCE14440
02DFDB60
01EB9360
0654C3E0
03EC4020
FB6219B0
00C36E60
FDA269B0
F9BCF3F0
01D18880
FAEECD80
FA2686C0
F92844F0
FF6B58D0
FAC32F70
F9533B90
04960DC0
FB19E1A0
005FE9A0
FD9185A0
031DFE00
FF7F0200
0068B280
FBAFE300
F6A29A40
FF4D3A60
03B9E8E0
FCF89030
03B1B780
FEAF9110
FCE4E770
FFE40BF0
05BD56C0
FD88A700
FB3014C0
FF027790
FF3B37E0
0555D9A0
FCF3DA50
FEB28160
008D3DA0
02AAB460
00F745E0
FCD6F6E0
00C56500
FB6DC360
02F93F80
FFF78E80
FAB50FE0
F5DD4380
F67F4340
00130080
F89DFD60
02AC3C00
FB1FE900
FB97A990
05ADE5C0
0081F380
0165B4E0
FFA01F10
04C56BC0
03A5C460
01C4B880
03A50000
FDC2B4C0
FCC5DFF0
FE0F1810
042B0D60
FD6BB450
012A41E0
06268B80
FCAD19C0
01BF5DA0
FD604270
FF532860
FE44FCF0
02861580
FA8FE6A0
FA1E1470
F7D73DC0
F9276B00
04E920E0
FE207870
02803B00
024E4C60
F7C6DB00
FAF05150
FD9FE340
FEC73A70
FF588D40
FA92D300
FC859E00
FE8FCE80
F824EE50
032E24C0
FF3D2890
00214320
019880E0
FBE7ED60
073FCAA0
03DD3DE0
032F38A0
002D3320
FDE4D5C0
FFFB9280
000AA800
0105F880
FE605FE0
FA696D30
FCAE6680
FD81C4C0
FEE19790
00C51C60
FAB59AD0
F8EB5170
060DCE60
FB446940
FDCF4460
F8097E70
FE58A940
06710F40
058DE200
FCE649A0
053833A0
FD441520
FEC17C20
00867420
FBEB50F0
0285A260
06E89CC0
059059C0
FC2DEA60
01C96DC0
017DA8E0
01376480
0B299280
00B84720
FE6DBAB0
FF9AA810
FCCF9F70
013AF680
0344A2E0
078427C0
FEBC83B0
02F25400
FCA974B0
FE1DEED0
FF4AB3C0
019D8180
FD5FF470
01175000
FCFB3A40
F8858840
FCEBDFC0
02A98B20
FDF135D0
04A3BF00
FBFB3B70
F7ADED00
01F7F460
FE25A640
FFC1E3B0
005C2EE0
FD460750
008BB5A0
FFFDB400
FBEB5300
FEA047F0
FE22F540
035D2B40
FE822B50
FD3371A0
FC7C2C00
03F896C0
F8FFDAC0
FDCFB600
0381A7C0
01C7C020
013C5520
FEA7F740
FCF8A9F0
04A37DC0
FDA10130
0010E800
0590F9E0
FF0E98D0
073473A0
F97A5470
FDFADED0
F36E3F20
FBA3E7B0
0207B840
FD1D3A80
004F0D20
0001F1E0
FBB70AB0
F8B42DF0
FDEEF8B0
01A037E0
00E2C540
0196C6C0
040943E0
0BBBD600
FCAA33B0
F9BFBBF0
FDAB9C80
FA656620
F4B263C0
0714A700
03E00DE0
03DAD980
FB04E540
035B8360
04899CE0
F73E3240
FBD85A40
01D499C0
02F91060
FDB5CAF0
FEF4C280
FF3679F0
05AA5660
FFEDB4E0
028D27C0
04082F60
033DB5C0
FB91FE20
02584620
02002E40
FCF6FE10
035DAD80
00A5B020
F88ACFB0
FF568990
FEB31C60
002B0CE0
FE8591C0
FBE67750
017812E0
04792B80
008A58C0
FEDE9960
FF2B1E10
FAF3EA70
03639CC0
03ECF560
0476DFA0
021A6A80
00DA1680
FDF34910
03EEAFA0
FE9F73D0
FCB13ED0
0561A3A0
04E2B700
FF245190
FC7E6D20
01A961E0
05C6A000
016E2F40
FE18B100
021AD340
FC4584A0
0065B340
00C870A0
FF054A80
0022CDE0
00593FC0
032CA3A0
00CBC560
047A96C0
FDCB4D10
FAFAB240
FDC85030
031021C0
FEF98510
FD2C2F00
01A8EA80
01F9DD80
FE0E3DA0
FDB9ADE0
FE1B26C0
FA9A8210
00875060
FE547370
FDD02820
FB9599B0
01A75CA0
0B899B20
FFA0CCD0
02D928C0
F7FE3EA0
FBB4AEA0
F86F0E90
03D40F20
047B8DA0
017BECE0
FBD98590
FDA695A0
FD3E4560
F990E420
FE6DEFB0
FCA88A40
02017440
00478B40
FBDEE370
0042AB80
FF4816B0
05A0A320
F1C98AF0
005F7CE0
FC0FA800
02F27D00
012A3240
F9E80820
05072500
FF7E6260
00FF1EC0
F5C4F900
00872520
FC4FE210
047E4B80
FF6904B0
FFB51890
03CDD480
01841720
015ACFE0
F6863300
03155A20
0351CD60
FF9AD5F0
0365DB40
FABEABD0
FBB05440
001FFB00
FE082C30
FB543770
0240E8E0
FD3771F0
F8462920
0389DA60
008ED5E0
FEA664F0
FB63C770
010B47C0
F8807EE0
FE4D7F90
04AE9AE0
00DDE660
FFCD2810
F77D3770
021C2920
FCBA3880
F77310F0
FA585E40
FE7E98E0
F9F98DE0
FF244780
01495000
F9431BB0
FCCDE740
04036A60
FB502D30
FD348670
FD5F5BC0
FBF8BBC0
FACC2E30
FBD33FB0
FEB384D0
03886F60
FD43B720
01B06B80
FC360600
02E259A0
F8B54B30
028D5740
0346D3C0
015DDEE0
FBC92550
FFD933C0
FC1DDAB0
FC6ED490
01BABE80
003268C0
00B0FB20
00F54A60
FD800D40
FFF4D3D0
02579F60
0029CC00
066C23A0
06B8A220
FF650490
FBC15030
0676C200
00366140
018508A0
FE0EFFA0
F994EF80
F8A7B4D0
01AFB420
00C74D20
FEEEB650
01DBB5C0
F7690880
FB51D160
F994FE50
FE32BD20
FEFCA060
04CC68C0
FDF62960
0312D140
0287E700
FDA87380
004D0680
FBFE0180
FB229E50
FEE7B4E0
FDBB5170
FB6FAB50
02F15BA0
FE649FA0
FB031030
01A26A60
03A7AAA0
027C4200
FD5BE500
FE4CE0A0
029DFE40
FC587E70
FB2D8070
019F0300
F73D8080
FC4E9FF0
0014F680
F63C7EA0
FE5DA860
F9F9ED90
FC84CA90
01843AC0
FC622210
FED8C8C0
FF7DA7A0
0106FD00
F88AEF80
FC5A3470
01D77FA0
00EE2960
FD302270
0729C280
01138F80
FDE105A0
05441AA0
FCEE6000
04D2AC80
035E5B60
0530A080
065544E0
00C7F9A0
FA7B30A0
0091A4A0
FDC8A050
FFED1220
00528B60
FF49DE80
FD5BAF40
035687E0
FA0B4110
F9D5B050
FE929EA0
FE1FAD40
01BA6700
025CA420
FFFCB990
023BC5E0
F6EC9200
FC65C420
031F5EC0
FE295040
00A259E0
FFE635F0
06CBC420
0009A820
03A23F00
FE059250
09974880
0048EF60
FBCA5040
02175060
0532F520
FB6FBAD0
0083A6E0
FD43E010
F97A9690
FC58C900
06B409A0
FB331670
0646ECA0
032879A0
F95787D0
0385DFC0
FF41D960
FF780670
FE7E3960
FC2624F0
FFAD34E0
FB21F120
FE06DE20
F5803680
FFCA5860
01AA7CE0
009DDFE0
006FDCC0
FF0FD910
FFD06E70
FE0AFB50
05AA54A0
0679B200
FE396A60
FCFCC700
00426400
000141C0
F8F365B0
042FDFE0
FCB25010
FF6252A0
FFAA8EF0
F88FEB90
FBED9D40
001BEBE0
FB9DE090
FE4B5BC0
00B55D00
006A47A0
033D5760
FBEA9130
FDEC8E80
FA0A2A30
058ADDC0
04033620
0390F120
FAC0C7C0
039E6A60
033A32A0
002F4480
FD797D50
01DD7F20
FFF304B0
03AEB9A0
FB3D6110
05CD0EE0
00D5A120
04B54540
F5E053E0
02A493A0
FCF84530
FC32E360
FF36FC50
FEB3BAD0
01557700
F7F406E0
FD850D50
FB334C80
FC244B20
FE6AB7A0
0083D840
01438A40
FE0D9540
010C3500
006DD140
F77E0300
018CC740
01291260
FF2959B0
F6BB2F80
FDC82C70
02397600
FE886D00
F7372BE0
FCF01180
02750CC0
FE9D1350
01A6F760
F996B6E0
F7F3AEE0
FDCF9940
0329C520
FA55EF70
FBB3D340
FC425780
FEF39EC0
03305880
FCA36FB0
075D7480
F84A09A0
FE63E470
FAD96780
01DD7700
FD389480
0340AE40
04381FC0
FD7F59C0
F90093D0
012C94E0
FDE1DE50
0007FBE0
FD2CB860
FECFDDC0
F8272110
FF71D5B0
FF25D870
F7FC8240
F89F17C0
F9C6CDA0
FD11F240
04485420
FEF9EB00
016698E0
01D5CB40
FFB3B850
03B5ECE0
028307C0
FE1DD050
FF73F140
FF6F0B90
F809A820
027E1460
07E065A0
030B5120
03E463A0
04DC98E0
FDC1CA60
F98625A0
F8C0E030
01A20CA0
FC30A7B0
FC99D690
FF689410
035CD5A0
FD5D9700
FA716160
013DF6E0
FD2F9150
FD501750
F9B1A760
065A9740
FEF52D60
FF75D740
00017A20
FC6DA260
03107A60
FDE59B80
01740140
FC2B9870
FA1326A0
F62CAD20
004EEE40
0381B400
F8B57BA0
00C6B500
02EF3AA0
FB367B30
FAF9B030
02FD1860
02AE5120
012D91C0
F8563560
FDB3F920
0305FFA0
F8E00A70
F937C910
FF358190
FE124F10
F9D6FA70
00781AE0
F6358420
001071A0
0009A180
FE436FA0
FB4EEC30
024AC880
FBBFB8A0
00520760
0B2A8E80
FAB79150
03685B80
FE5DBF30
FD54D1A0
00CE5520
F9B91650
0280B760
01FF88A0
F3386AE0
FE2F04D0
FF34C3A0
00CCC7A0
05040400
FEA48E60
022C8040
01AB7B00
FD568B30
F78147C0
FBC37110
03721200
FB5B3750
015E11C0
FEFE81D0
F817D500
FCCB6610
0489F8A0
011BCA20
FC118D90
015961E0
F99C3170
FBF52DA0
F9C14B80
FC453D50
F809CAD0
0150CB00
FC8BAA20
00051E60
F5FAF2C0
FDA90070
0114AA80
FB5E3290
FDF07330
FF2820C0
0256D640
FD51F4A0
FB9951B0
004470E0
F93E90E0
056FD240
FC16A1C0
0282CCE0
041CBF40
02E90FA0
02526860
02E13E40
FF767030
03D50520
FD9E04A0
FDA12220
003FC7C0
FC0F56C0
FAB95190
000D0680
03899640
06127120
03A329E0
0145B040
034E3CC0
036A8940
FEBD5450
FCC2BCC0
00078220
FDDC0B10
FC690250
0644E920
F837C040
02C8C360
0002A380
00BAA580
FB1624B0
00CE8F80
018095A0
FD350830
01BBC240
01191040
024E2140
FF4907D0
02C06D00
FBA550F0
FEAB5720
06AAC620
035256A0
0289AD60
02F176A0
F9242810
FCDADD20
FAC2ACF0
02ACDCE0
FD8A0590
03FAD9E0
FD8136B0
FA6E98F0
F8F3ADB0
0269FBC0
F9C75D80
FCC70630
047FDC60
FA3CC650
04DFAD80
F65CBFE0
FE622B90
0050EAA0
02EC0920
FEB871C0
FD19CD80
F64C1B40
FB795740
FFAAF1E0
036556C0
FCA7C9A0
08EB4340
03370480
FD3707A0
02B49660
FB5D2B80
FC201BC0
FEC9D0B0
FC0E05E0
01F0CFE0
FA55B9B0
014F7240
01411880
FF8DFB80
01907C00
FF3E2F00
FBD39C10
FC13C410
00B9DD20
034D0DE0
0103FF80
FC767E50
00ECEC80
01838AA0
045DEFC0
09338380
01D27DE0
FC650360
FB4AF750
FB906790
019D4C20
FE460300
FE639D20
FF7743E0
00B17C40
FC39E760
FCA0FD20
FBA44480
00F7DCA0
FFA97B90
01DC0060
06DB9440
FB3F7120
0219B120
FEEB6CA0
FA85BC20
F9124060
FD45BC00
FF75AA90
FDCF6AE0
F84F6A30
0D1EB3E0
0250C440
04A2F320
F7F21C30
0024D020
FFDE87F0
FBCA9AE0
F879EC80
FE7CA020
F7FC03C0
00B54D00
FFC471B0
00870560
FE1C44F0
07F0EBA0
FAE6E430
01C12620
00AC1620
FC063740
005060A0
072B5D20
01AFFE80
FCA69F20
FADE3620
FBA92460
021E4DC0
02AC5100
FFE53220
FA0FB0F0
01A06CC0
00E68B20
0174E260
052DE180
FA946170
FCD0C0C0
017C4DE0
FCAEC3F0
FEF32AA0
FC9BA120
00C1E2A0
FC787BB0
00D84200
F764CF10
01FFAD00
031EF2E0
FB263DE0
FD69E300
FCA899D0
001CE160
050147C0
FB7BDE60
00A6E260
0291F4C0
04ECFF60
00214960
08F4A620
FC520390
FA3C30D0
FD84AAF0
FFD105B0
FB452C80
FF01C770
FE682860
04DC2540
0933DA00
019F7240
FD1A4DD0
FF7E8610
FBB49080
00D204E0
FE666B70
048FED20
FAD52E50
03541160
FF9A66A0
01F94780
FDDFF8F0
FAADA1B0
FDFFB460
06CC9E20
FD5359E0
FBA84C90
031FC2C0
03B23C80
FB926250
FD142EB0
F9F54960
FEC52CE0
F70B33F0
FEAEDA00
04EC2CE0
FD75A310
FC411170
F8339E00
FA8CE120
FE055C90
094ADFE0
032B91C0
0677F4E0
F94CBBA0
FFFF4CB0
00DE1200
03B4EB40
FF532260
F36F2A30
F96AA530
02F3FCE0
01640BA0
02DACA80
0159D860
FF9A42E0
FDE472F0
0197A040
FE29C290
FF383130
FA5FFE50
00CED5C0
FBC887F0
022EB7E0
FF7B52A0
FE4645A0
FF0B8E90
0396C9A0
FD535F00
032AC4A0
FC1EE200
045626C0
F8AD8920
FB9EDA20
FDF835D0
F6718D90
FC774320
F9720560
03306BE0
FE11A010
FC0C2150
F620B370
FDC315D0
00F948C0
F582A0E0
0150D2C0
043509A0
FDD85270
008F8240
FAD4B380
00453800
FD4E88C0
F7058CE0
FD029040
FB6A61E0
FA5D1E30
04433EC0
0812B3A0
FF8ED5C0
FB767D30
01CC2EE0
01018AE0
FE672D80
02E1A040
FF823B10
FB88F630
01E66F20
051D6D20
03FA2900
FC7D0540
FFA93EA0
F8D0F770
FF3DC430
FD406880
0166BB00
0010CDA0
043E0120
F88841F0
FDD65770
FB419580
00E2D4C0
FAAEF700
03388DC0
021C6E20
FF82E4E0
F8AF73C0
08AE3EC0
00510BE0
02BF9640
FFCA2020
F9F669F0
011ACAC0
0B689140
F675F140
003F6040
0150CC00
027ED1E0
00E8EB80
F7450AF0
FD7A0AB0
05D2B1C0
FCC72D20
FCCAA6D0
009DDCC0
00A71320
0044D060
0390A520
00FA9140
016CF3C0
000061E0
0601C320
00090040
03952360
FE78BE60
FF9ED6A0
FE8DF610
00B387C0
FA405420
FC6DDB00
FCD85600
07F6F120
FDDE6FC0
FA12FE00
F7C18E30
FD5422D0
FF2D3CB0
013454C0
FEA6BC90
FA068500
01C14D60
03411920
FAC24E60
F9516760
FF268DF0
FC59E6C0
02412AC0
FC88FD30
00C6A720
FFEF7F70
FC8BBE10
FC7E6180
FC487900
03261EA0
FCC422A0
015A3D60
FD7435E0
01496860
FE6152A0
FB79D9B0
FFEAA2B0
013DB700
05131B00
02DB6080
FB58CCC0
078AADC0
01899540
FA6A1830
05EE31E0
0301C6A0
005ED340
003A9600
FA0BB090
FCD79D80
0389F200
FDD90A70
07528EE0
FC1FB550
FEA0AA50
FC3A2020
05D6C740
04615840
00C66BA0
FD97FFA0
FAE01200
03CC2CE0
02F2FD00
FF19AE00
FA4A94D0
FC9AD530
045B2880
FC7468B0
0650AA00
01C38D20
05045F00
FB277BC0
FB9E9C00
043262C0
02721D60
FC85BDE0
FE7D64D0
FF3613B0
0482FC60
05DFA760
01008640
FE2BA990
FFB8D000
FD896190
FF80AB70
FEE3AE80
FFE4FE50
FFD90050
0172EB60
FF8FD050
F9DEDA50
FCB051A0
FA31AD80
029922E0
FAA410E0
FBB59070
012DB280
FFF7A5D0
F9BAC6B0
051C4740
FDBDAF90
FD6D8300
003E6EC0
FC3C7190
0132B420
FF8465D0
F49BF120
FA785E70
00F200C0
021AD140
FA474A00
FC28D160
021D59A0
02BA3000
0889FAE0
01DBD5E0
FFF858A0
FE7FA470
01E2ABC0
FF981060
FBBCEB40
065CC380
FCC8BB40
F8813710
FF7DB7D0
008FC320
008D00E0
03001AA0
FD86E3E0
00344480
FEB872A0
FBBBE890
01BCC9C0
FA49E0F0
FDA0CAB0
00FEB5E0
FFD790C0
007CD360
06308E20
00DE7DC0
FC4CC250
08BB1F60
FEE4D2E0
F8CEDAC0
01179540
04B99240
FDF45A10
03B83680
FA1429A0
FB73E290
FD2BFE80
03F92CA0
FFB72C70
032EB820
FFA91050
FFB98250
03153CE0
06957020
FEE989B0
FCFEB430
01A067C0
FD44CA90
0438F1E0
FB8C37E0
02419B60
FE891100
080588C0
FFE75ED0
00092080
FDE06650
FFAD85E0
FE1A5830
03D153A0
03290BE0
03FBC4E0
0219ECA0
FA0A9200
FE30E860
FA97BD20
009A2B40
051D52C0
00665A80
FFC76050
051AC160
00DBE980
0430AD80
FE1805A0
00DC4EC0
044A8C80
FCEF2850
03B1FFA0
FB4FB6F0
04610600
064CD1C0
FCEEF370
FA5272F0
00DD8480
FB14A6E0
02559A60
08123FA0
FF7F9130
FD536000
04207D20
05C36580
FF7ED7E0
00F78E60
055E4E20
F4A93FE0
01E45DE0
FE6AB600
01AF7240
FAB7E970
FB802780
F35D9680
FD437050
FDDB45A0
0128C6E0
078F3820
032F19A0
03CDAE00
09615200
FBBC4610
06AD2D80
FA64DAC0
FF8087D0
FFB714F0
031556E0
FC329DB0
F85D39F0
FFCB9CE0
026752C0
01099300
F570FE10
FB0FCF70
F8DC0D10
FFAE6E80
FCE1B4C0
FB3BBBA0
020189C0
00A06FA0
FC8F5900
06F89E20
000EDCA0
002A1100
007429A0
0594AAE0
FC11D070
09897E60
014C3A80
03EB0980
039EB2E0
02B5FB20
FE313B30
FD2B0C70
FBF81890
FAF0A020
07D208A0
03A037A0
FF4C8640
FDD7E1D0
FCDE8910
FDA8BE10
F564C650
0A91D7A0
FCF4DA90
FE1546E0
029CD920
00D1E6A0
04FDC200
0242F660
0303E000
0310FDA0
002B0100
FC2901C0
00733200
FF50A560
018F0720
02246B00
FBB438D0
F7174F10
07FAA440
03733940
FCF9CA30
F7846240
02459460
00AA4220
FECEAAC0
00CD64C0
FBB5B030
FE499F00
FF81FBF0
0243BBC0
FEABDC60
F898E230
00FED9C0
FCD16170
F9297D10
026B5D80
FE943FD0
03387860
F764A500
FD94D1F0
02C388E0
00706740
FF6B6010
FB357BA0
02284360
F3BBAB60
FE4E6BA0
02380080
00F00E80
FCB4DD10
F70DA350
013AF560
037C6C20
04B863C0
008945C0
FF8972A0
FA001C20
FEBE2390
FB25CE20
01F72800
04DAF7A0
03822FA0
FC711160
02615CC0
01ADA1E0
00572FE0
F6365260
FF194620
F7924C70
FA353810
02D95680
FB3483E0
03151540
FC26A090
FFE47B00
F7561CF0
FE109CE0
FE7474D0
FFDDED60
06C51F80
FF25FA50
FF546AB0
0614E140
FC735580
FD91D9C0
02471E00
FC20C950
FFAE0780
0120FD60
004F70E0
000F9460
FE13D230
FC946A00
FED28F00
01BC0960
03C3E460
0468D480
FFD9B8B0
FB4D2CB0
FD99CA00
FA99D090
037E81E0
00123080
FD17C980
FDE40C90
FD35D4A0
FF900920
00A67380
015152A0
FAFEF960
FF4BE6D0
015D6CE0
040709A0
00C4CD20
04593900
000F8D00
FD474060
FE30FB60
FAC81E30
FA4BEC10
03657780
05753AE0
FF681F50
FEA2A670
009DB420
00FE6F80
F7D646B0
05249F80
F95912D0
0218F760
04B8B1C0
FFE0EEE0
025FE720
FE2E3210
FE563670
F7FD72D0
FE17B3B0
FFDBD760
012A2620
F7FDF1A0
007C5BC0
087670E0
F9E1FF60
F76201D0
04AF25E0
05B38740
FDF28FA0
04171BE0
FE7756B0
022134A0
FFB40650
FE21DFC0
05300040
FD492270
09A2A040
FC83B380
FD9786D0
FE1FE2D0
037D97C0
053D4E60
09A16FE0
00767D40
0320C7C0
03AB1160
F798E1A0
01A0E460
018CE680
FEB60280
FD501E60
060C07E0
0947F940
054ACB20
03205AE0
003EF680
00589EE0
FC8228F0
02F4B540
FDDA1550
FDA9A910
FBBAB5B0
060D8800
0222C220
FC9A9830
01414740
F94F8830
FFB63160
FA152630
FEEA09D0
FE1889F0
FF70B350
FC8E6270
020BE7C0
034A9120
FA9333F0
05C20FC0
FE6897B0
FC54FD20
081BAFA0
094826C0
FCBD4350
FFAB4900
0175E5E0
FA8FB180
FB9C1420
FFE26F60
01C09D80
FCB506E0
02729620
0010DAE0
0009FD00
FA9A5530
026EF560
01D39000
FD4EF940
FB5763E0
FF56E560
FED248B0
FD7D4B70
FD9E60B0
FE9D0CE0
0A0CE600
04DD2540
FFD21A50
00ADD5C0
FE7BC080
00B18D60
0A798680
02680FC0
FF350DF0
FDBA3DB0
FEA6BE50
F98987B0
F1426A20
FA4B8080
059DB080
FE134D60
0718B240
03D6CB20
FFD9D3C0
03652920
FB2A9B00
022195E0
F89464D0
FE60E490
065500A0
FCB9A030
0079B600
FD30D350
FDD44240
FCE47B00
0451CD60
F9BBAD50
FB945E10
057B4F20
F8EAF4E0
FBC00520
FFF13250
FA488FE0
FD4CE710
024F2640
05B85300
FE22B500
052513A0
FE925550
FB09FF00
FDB00730
FFFD8A50
FB226B70
007DE2A0
FE3603E0
0311A160
FBB83350
FF66BCE0
F9EFB110
F9CB8560
F91A0FC0
F9192740
FEAACEF0
050F8260
FD3F2D00
F7F88D20
07FB23A0
FF82BA50
02059EE0
02453CA0
F8E8A580
025B8700
00645AE0
00A53E40
FF0EC770
FBD29E90
FBEE9FE0
01E0E3C0
003CDB20
FF71DEA0
02501160
FDD77990
04E36FE0
FEDFFB20
021D24A0
024B1020
00F546C0
FE3DA2F0
00190F00
FF34D020
F913ECB0
02B01D20
0159B8C0
0605C840
FB561230
FFF73DE0
FE04A630
F0000000
013D1840
FD741400
FB0637A0
FEBCBBA0
FD7B4780
006511E0
FD6595E0
05F5B560
FD9F3E00
FDCE0940
F6413DC0
F9135CC0
0263F300
08C31840
FA7E88A0
FEBE0850
FC6BFAE0
FAF06AF0
FFB63DC0
FFFFB9A0
01C5C060
03E395C0
00360240
FCFE7270
043DAD40
00BA82E0
FE925E30
00844A80
062A6BE0
024CE3E0
F6CBAAC0
FC483DA0
FF881BF0
FBB4CF40
FDD5F0D0
F7FBC0B0
03EA60C0
FD7A6FB0
F8E01950
04151020
F95B5ED0
FF4954C0
F8F34D90
FBB40620
FB632270
021CACA0
00A4A680
FD512B10
F9FF3290
FF361460
F97F84F0
03A6B2E0
021A5E00
0B249AC0
04715640
0213B4A0
000AB7A0
01306660
014B8080
FEA20430
FCCA72F0
F979F8C0
003871E0
F6C6A9E0
024245E0
00510600
FBD0FF70
FC04C090
FFE89170
0533F0A0
02CCF6C0
00C15940
FAC6ECB0
F98E07F0
F8F273D0
FF22D4D0
FADBF620
007C9C40
007CE740
FEDAB2E0
FA838530
F9462D30
FEC0FA40
FD46B430
F8DB1380
FB39C510
0542C000
FEA24F00
FB07C330
FD330070
F9B59EB0
FC2C2A00
FE0F0130
01705EA0
03C8FFA0
FE4D9850
FDAA12E0
01AFECE0
05F75540
FA08AF40
FC52B990
F8834490
00AA8300
FFA77A90
05C7FAE0
FF0C5870
03AF98A0
FB8D7750
00D87300
FDD7A4B0
02874C00
052B47E0
01E21300
FC0BF190
FAA65770
FF846980
FD05BCE0
00BF9500
06087620
01043C00
FA2BB2C0
03698FE0
F88F3070
FEC57180
0128C7E0
FBD62360
018366C0
FEAF6E00
FEF51890
FEB8C890
020DADA0
079A6A40
061697C0
0018A4E0
FB303920
00912FC0
F4BD1520
F70104E0
FD847990
FC0A1090
FBDD1AC0
FF3ABE50
FBBBE740
FBA6D5A0
012AAD00
054647A0
FCB988E0
01BA6E20
FE7214B0
04E6C1A0
FF243FF0
029463E0
000EAB00
FC589CB0
02C74940
0121DAA0
013F8E00
FF8CB590
FD7F9130
FF92D590
00FFAE00
0010E560
FEA6E660
01464100
F958B720
FBC960F0
0604A1E0
F92AD8E0
FB963720
059F3C20
03A99920
FF6C23C0
FEFB5E80
FBED2B80
069B0200
FD3E5810
03E9AC00
FE72BE90
FE76B990
F9F397C0
FA875DA0
FD3EB3A0
020B4CE0
05E8C000
0295EDA0
FAD4AB50
027DF200
013C17E0
014D4CE0
FD13A110
010DE400
F75902C0
00C19D00
FD2598D0
F933B0F0
FE2192E0
FA9578A0
FFE6A9F0
F88DE7B0
03D792C0
FA7E7CD0
F72C6120
FD71FF70
03608520
F9930C60
04FD3440
FF1E8750
FE0705C0
F6DF32A0
FF494480
FCF112D0
FF65B560
FBEB0320
FF0F3350
FEF2CBA0
03F515C0
F980FC40
022D0FE0
0137C4C0
FE9B2640
0038E7A0
00F57F20
FB2C73D0
002330E0
FFA3AE50
FEC2F580
0185C340
FFD9A2B0
0264A640
022931E0
052B5B40
01A9FF00
FF1C5190
007715E0
FEA6E1D0
FC9A5280
02567720
FD892D00
FA519260
F974F8D0
0059EFC0
068C0D20
FCA1B970
FD564C30
F97E38E0
00D1F5C0
01B66300
FB2894F0
07406E60
020243A0
FD5B9F30
02D36140
FC6B34E0
019029E0
F9F96210
FCC789F0
02B95DA0
FD6D2D00
F9234100
FA7646E0
F698F0C0
01357D40
00984220
04BEDEC0
F481E280
FD90AF70
0282D5E0
02234A00
FE613D40
FB659DA0
023F6460
FBD6B5E0
00950E40
FCD9D4C0
016F24E0
03BAB680
019D43A0
FC34F830
008658A0
FF9A4380
077BBE60
FDF1E930
FCF5DBB0
02FDD060
016A73C0
04D41280
F80BE7C0
02677D60
02DDCCE0
FDB29590
FFC87B60
FFDEB190
FD1AD5C0
FE450820
FE894780
FA949E80
0439F400
FC39E790
F9236E10
0239D300
FE275B20
FE6DB9A0
057F4B00
FDBAF630
FF3F6D80
FD650520
00007620
01906DE0
033AA6C0
01A750C0
00585FC0
02BEA600
00D764C0
FFB1E040
014B2E60
F98CF440
FE7C0B20
04D6F1E0
FD186440
FA03E250
FEA65600
FCF37B60
FA1A9D10
008B1AC0
0457CFE0
0481E7A0
03430FA0
00D81BE0
08FE3F40
02DF6440
F9386B70
034D3620
0093EC80
FE8CF1F0
058FB440
01961740
FAFB8B80
FD74C450
01F31FA0
00306A00
FF756180
F9110720
FD4061F0
002A2EE0
FC0A59D0
FEE3D1D0
F9983EC0
009D8040
FCFC8FD0
0373B4A0
058459A0
FD4A1AD0
FC5ECD70
F868D940
002001A0
FA93EB10
FF967EE0
FC48DEE0
FF6798C0
F36964D0
02040600
FFAF4110
02031440
05B7E440
01865F20
03497660
08070BC0
0068BDE0
FEF51070
0B81F9E0
FF0326D0
029FCB60
F9B2EA20
002BECA0
FD3DA090
FF72EDC0
01CD3D60
F9B57820
FB40A3E0
02F5DBA0
F8C1D710
FBBF4460
F8E23DD0
FFFEAE70
FE276D10
FB958F70
0048C460
00C9A5A0
064F8440
F8828720
FE5AC6E0
FD093A00
FB9C4770
FDB26730
FF391C90
FB438940
FB96F630
03467D00
FC1837C0
F6FED2C0
013FF4C0
FBFF1D20
020459A0
FC188130
02200940
FDF060C0
FD53BAF0
01948F60
008F2EA0
FFD01CE0
FA7C6760
05670600
FDB97490
FFDBF780
00620740
06A49F00
026DF7C0
00396C00
010A69E0
FEC35BB0
FC66E960
F6C6B520
F8C36630
02F442C0
01A9B980
FECEE320
FBBCC860
02108140
FFC92AB0
FD8C82A0
FEAB8FD0
041865C0
013C0120
FF1D5510
028186E0
FD8824E0
06E7B8E0
F8A9BEF0
F7B4C4E0
FBD8DD40
0A17C600
FA4E2970
00FD3BA0
044BC960
FFF799D0
03544140
01FD68C0
00AAA0C0
F1CFFCD0
F9BE3290
01E43960
01741A20
FCF1F080
05808BA0
FA801170
00D75EC0
F62DAE60
FCDC8C70
FE15EA50
FE27CAE0
FA25B0B0
F88C9D80
0905E920
FEBAFAF0
044E9E80
08EA8F80
FED73980
FDD80A30
062F9700
FE662900
03799D20
FB84E2F0
0879EB40
03E48560
FD171B60
FC0B23C0
01652F60
FC7DCA80
FFDE7740
0022E560
01CCA280
05255AC0
FD537AB0
FF1DBA10
03C21360
FB7C7680
FAD91840
F8D3A6D0
04BC6800
00D53720
06592F60
01050AC0
00C008C0
FD6AEFD0
FE9AAF40
FF255E50
FACE3000
FBCEC820
FF0BCD70
00802640
FD223E40
008E3400
04726960
03446C60
FC84A590
0324F020
03299920
063C0020
014356C0
FF24AD40
00E70E40
0168F960
013215C0
02AC97A0
FB7A5330
FB368260
FE8A7550
00647440
FBA49730
FE52DEF0
014DF260
017BA7A0
FD9B9AE0
FE576280
FC54EDD0
FF439D50
0082CF80
003F5900
0044E400
FD105CD0
FB809160
FF347CD0
0178FDE0
FD9C3FD0
FA964B20
0424D4C0
030BD180
FCC3A940
FF88A3D0
FFFC73D0
0246FD00
00456E80
078D9780
F6A9EB50
008A71C0
FB06AF60
FE5F3DC0
02B3AA60
03648D80
007DDF60
04936D40
FE49FAD0
FFA18380
FA00B280
F91CB700
FD9C0440
FC47B100
024C1A00
00869D40
FD07B3C0
01BC6940
FF8452C0
FCAFE6A0
0365C920
007A2A20
F7F26F80
F5AE95E0
F8BD5810
0369E240
FF64BB00
04A7DBE0
01C3C980
0280EF00
049C55C0
05C3BDE0
FEDF3FF0
FEE24070
02AD3820
FD910E10
F9467940
FCFA3E30
06733880
02533A20
FE47D110
021B7B60
FF72FCD0
FC2A2DC0
FFFCCD40
FC59E420
FCEA4C40
021AE620
02D64A40
00530CC0
FDEBA0A0
FF34A940
FF824880
FF762010
F9EFCA70
F6E7BAC0
017A6680
04E70460
FF55C000
FBE8E6E0
FDD9AEC0
FE8BAAF0
0669FCC0
013F1040
02FAEEE0
026B2AE0
FF38C910
0086E7C0
FEE99F60
FFE42700
FDFA99C0
0677CBE0
01C168C0
FE614F10
FD330E30
016C7C00
03FA76C0
09E3D940
FF3AAE20
FEB35990
FC286C50
00DD0C80
FC294F50
FFEAF760
FD6B1BD0
FFF76200
FD36A740
005B0F80
00103560
F8792F70
02F8F2E0
001B9060
FB4C3110
F8DCFA90
FE452A70
FEEC8B90
FE6980F0
01A04BA0
0730FEE0
0634A340
0517F980
FA45CC50
FC688100
06CCDCE0
07247160
03B98E40
03E07B00
00746EE0
FEBB6980
FE6B5B40
FB564C50
FD314000
FEA259F0
00B26AA0
FF35DD70
FF694F90
FDDD4B70
FDBE9EB0
FE0F50A0
FDBB8310
0063F420
FD48E360
03D2EC20
FFD319D0
F87C4F80
F6D713D0
FFD3BCC0
03ECE360
FD1E2560
021FCC60
F41E7180
FF583D80
01085940
F9735FF0
079A4600
FDACD950
FCD93850
FD1D7B60
01DFD540
02E2A380
F4E9C370
00C23060
FF028470
FEE69350
FDB535D0
FDA6E210
00BD5C20
FEE107B0
FF82D8F0
FCEFF8A0
FE7B9CB0
06BD3860
FD1E0800
FDFE0B40
FAAEC300
0097E060
FEA0B370
FA410EF0
FDA32A70
FD800920
FEC86CA0
05BF27A0
FF917570
FFAAB630
F6E1A860
FC6909F0
FA96C6F0
0078BF40
FCE439D0
FB25FCB0
019B8380
FF02F440
F84D2470
FB00F400
03BA3560
FDC8B8E0
FAE49FA0
FD0EC200
FC9195F0
FAC1CE00
F8408630
0395E8E0
01D774E0
FBA91490
FAE93A50
FD68FDB0
F90EFEA0
FDB2BB70
03A675E0
FBC27E00
FC83D6B0
FADED210
0187D400
FC4C88E0
FCF694A0
FC076C00
009CDCC0
F70F3160
022B2980
FDC75FC0
FD104B90
049FD300
013E49E0
FFD36450
FD545050
00685900
05CE2D00
FB72CCB0
FDDA6880
01D832C0
0202F5C0
FB39AD70
03046EC0
FAAAF1F0
FE5FB280
FE7B73E0
04B09FC0
0397B420
FFEC1560
02127800
FCF03920
FFF8B9C0
04BFE980
00CBC100
057131A0
FD7754E0
FA5A9EF0
FCFDB2F0
F4EF9840
FBCA3470
FED61A20
FA3D00F0
FBE28F10
03EBB920
FC76F860
014ECC00
FEA74CB0
FE205580
FC233570
01F55FE0
FD26FB60
F9CE90C0
FF95B750
0A6482E0
FDAF7B20
FD439F10
FC1AB6F0
0100D100
FEC4C8F0
FD727E50
FDA82A10
FD70C150
03E59E80
FB5B5E80
01F558E0
FBC74060
0111C4A0
FF33DE90
012A5E20
FA8E8DF0
00EA5400
024DAAA0
015E2500
05225B60
FA74FAC0
FCC14AF0
FA32E880
030EACE0
FFF3EF40
FBCE8780
FCA34F80
FC1C2DB0
F564C200
F4E93FA0
FE1A77A0
F9DEF9B0
F91BDE90
016B6720
0681D440
FB1DCC70
F9BC81D0
FE605FD0
02C6D4A0
0142E8E0
F6EB4F30
FE3DA280
FC660E90
0039BEA0
0030EEC0
01642280
FDE5FEB0
FE33CD00
006CBB20
F6EEBD60
FBEB6AE0
FBF77C60
FAD0F8C0
FA9D1CC0
02B08180
01197F20
FF65DF60
01EAFE60
026ABBE0
FF9E2C40
00263D20
02A53820
FBB708D0
F75ED180
FA4BA710
00CD4E00
0583C040
FCCAF280
FAAED7A0
FF203880
0264B5C0
0252DA00
03F3A940
FF09CC90
FE102FE0
03A5C840
FCD1C120
FECD7520
F8CC6740
02171F60
FC091D10
FDC07270
FDFCC100
FF1E8520
F96CC140
F9D62940
F3FC6220
0041ED20
FCDC7BD0
0164A960
00346A80
FE314760
FFDE7A30
02041300
00AF20C0
FAAF4290
00919520
F9222D50
FDB71E10
FD119F20
00A47160
FAE7F5F0
01715180
FCBE6860
FE0CB630
FEBC2930
0533F9E0
00AC6F60
036E99C0
F8DAAFE0
F88039B0
02243700
FBEB6700
01F030E0
FBE3ECE0
F9410590
FD2E7D80
015D15C0
FCD54770
F8BF9F40
00413580
051C3CA0
FDC78F70
FAC876F0
FD3F0BF0
FB849B50
FF889730
FFE409B0
02099140
FBD100D0
FE77FFE0
F85690B0
0215B180
02D54600
052F75E0
0486B9A0
FE710E20
018E1A20
026EEAC0
F9098720
FF321CD0
00DA2D40
02BC31A0
F8FD4210
FE681B70
F884ABD0
073D2900
FBDB2380
FC74FB20
FCB1D9D0
00C3DBE0
FAF798A0
099AA180
0478C880
07D93A40
F5EDC2D0
F8AC75A0
F956D2A0
015C9220
FCB3AD70
FC89F7F0
005C01A0
FA72BBE0
07A78A20
F3AB3380
00BC0180
00B8BDE0
F94FD920
F6E63DE0
FD6A19C0
F884ACE0
F906D680
FEDB4EE0
FA9AC360
FF58EE70
FCAFB0C0
025FF4E0
FF8BE0D0
00A881E0
FDDD2230
FFD70740
FCA7AA30
06577780
02A5BB00
087D4160
0239DEC0
FE1558E0
FDA92530
FC5E0990
028E50C0
0284E000
FDD0A830
06028140
F9897620
04F9F620
FDD23D10
02AB6000
0193D040
FF8749C0
01E7EA60
01F39220
FDF73CE0
FEC0ADD0
FF12FB20
039E2480
F80AFCE0
070634A0
FEA731F0
01501F40
FF6A9C50
FB7B2480
FF356630
00CFC3E0
FD661570
F49DE4C0
FC7F5870
018D0F00
0526F5A0
FAA4A400
08231DE0
FDC68F60
FBA23B00
03A38280
F3FEC9B0
FEF02830
06A402C0
FC6A28D0
FAA073B0
02B2C460
020956C0
FEFA1040
00214C40
03271E20
FC19A960
FFF79030
01AEC900
FE4A48B0
FCEA1E80
F56D6CC0
FC2036A0
FA4B5430
FC1AD2C0
FFBCDA30
FDE093E0
FFEC92B0
FB760CA0
FCD01600
F9BC1700
FA3B56E0
05073560
FF4BC180
FB1E4760
FAF5F7B0
F973F300
FFFAD370
FF413100
07D07540
02DF54A0
FF9F1380
FFF4A0C0
FF188CC0
00513400
045EA540
003E8280
F8248A10
00DCD880
01E6ED20
FA5452D0
FE4F8E90
F6C8EB20
FB1A3630
FD63A520
056E1380
02B101E0
017C5C60
04396940
0865B1A0
FB725B40
087BE6C0
FC6DD850
04623060
07865FA0
FEDC26E0
FD6343F0
00098D20
FE229DC0
01E1B220
00073C80
FE630A20
FB9C6F80
FBF04480
04DE41A0
02B4B4C0
F57D9BB0
030ECAE0
FFE06570
04CAF0A0
002B0420
FB4C9E50
FADF6D10
025C5600
FFBA7580
FF587020
FE1EBCC0
FEBC4490
FA5693C0
FED79C30
FDC00A90
FB948C40
05C3B140
FA716EF0
F9EE0F70
F976CC80
FECCA5D0
FDED7220
FE516840
FF392A40
0255FAC0
FB0A1D80
FB5BBC40
FD13E410
FEC3ED20
FF31B180
0077A3C0
FF2B65C0
F2F2FBB0
FCC73530
FC52DF40
FE755350
FC64A7A0
FC6EF1F0
FDAA5B80
FA8FEE70
054A93A0
016F4EC0
0933A0C0
02347A40
03854AA0
FF7CA530
00427680
030C1C40
04265BE0
FCAE8460
FED4CCC0
F7D6EC40
FE70B0E0
FC5021E0
F9D76400
022B8000
FC181AA0
F7132480
08CF1160
00A38240
FB513F80
FE09D9A0
FDA0DAE0
F7B61DA0
F7B12350
FA0E4F80
02ED1DC0
049DFD00
FF008850
FD8517B0
FD85B710
FC44F570
F745B980
F9D2BC80
0CB4B240
FFA09950
FF982A30
FED127E0
00F41420
FEF25B70
010BE5A0
FDBE0A70
039F1880
005D1A60
FA4E7D20
006786E0
FE48BA10
FFF76DD0
01E1B220
039AC6E0
02646260
FB56EF60
FA34B240
FD87FAC0
F9C934C0
FF9A5530
FAA34CC0
026E6AA0
05D63580
01653260
03F543C0
F85D1260
F9686AA0
006710E0
FD23E300
FD089A90
F9B985D0
09420200
024243A0
F6C637C0
0057F5A0
F86E7E20
F7228E40
FEC03480
F9D34CB0
FCC2EAE0
FD694E00
FB14DF40
FE286820
FD381930
FC6AC1C0
F74E4C00
02A60860
FA5267D0
006894E0
F7DF57A0
FDC4C660
00A13240
0260A260
02A773C0
F8163EC0
FC56F9D0
00D454A0
F972DFF0
051D6B80
F98A0CB0
FC9975F0
013EA3C0
F9BB8530
F875DB20
FD909490
FA9E48E0
01057180
FE6E8350
FB02E020
FFAA1F00
FD85D2A0
FEFF6930
FF8CACF0
FDF4AF00
FC22F8B0
0008D520
03231B00
01068DA0
F9FFCA50
0107CDC0
070EEF40
F98FDBC0
FD614450
00A39260
03713920
00AF7F40
01C31A00
01FE31E0
013C6820
011ACDE0
02686520
FEB8CC80
FDD0DBE0
F7B7F230
FF5D3460
FAD2C3C0
FEBD77E0
00C3A360
F7FB3690
04CFDA20
007241E0
FF602070
FF1BEF90
04B085A0
FF322FD0
F997F0C0
03ADE860
FFD67510
01F6BB40
FB897320
F97CD670
012D3840
FC96D140
FD471A10
FB6FE150
FF3860F0
02D06FE0
016727C0
F8F1D370
FF2DBDA0
FA8E39B0
FE3B4880
F8560CB0
04408C20
05CD8DC0
05B77E40
F53355A0
01B07C40
02000A80
021E51E0
FEE4CB10
FD2A3740
FB365700
00412420
02072140
FED71760
FC7F1CF0
FCD110B0
FE88A150
03DDE900
02938860
FC986FA0
FF452370
F6CF3B10
F97FB030
03AEE540
F8C5D880
FB8C89B0
00ECCA80
FCE6E060
04369020
028630E0
02B97FE0
02E2E2E0
F8116680
FEE8DE70
FA7D4DC0
05903CA0
0483BD00
FF206F10
01DB6FE0
01D842C0
01052A00
FC315290
FA79D320
017F36A0
01221FA0
FD255AB0
FCD35FD0
F8F78570
03A13EE0
018F89E0
FD5FC020
050B82C0
FC73C700
FF4EBB70
00F7A200
05F4FC00
F9DCA730
00A2A5E0
00538860
0192ADA0
02537E40
FDCDF260
F55141B0
F8012E20
FC5F12E0
FCF31770
FCDF4020
FEADE450
02F05D00
034AD4A0
0468A300
F710D440
072CA200
027BEC80
01580B20
014B8E00
FDAE6E50
FA702010
FF0A0070
0039D140
FA5C0770
02CFFE80
063B8DC0
FA5A4A20
F8E8F8F0
034DD680
011E8B40
FB792040
FE3972C0
FA57E250
F4353280
01E77BA0
00B1DF60
FF654010
01D57160
0487E720
FE8D7EC0
0127F280
FF24F2A0
FDA2B4D0
01661A60
FD56EAC0
F60DFC90
FAE51030
FBFBE820
FCD15B00
072E74E0
FA41A4C0
0167F1C0
02B8EC60
FC8FE4A0
001B1180
FFE46A00
F6F7F8B0
FFF3F9C0
01476600
0604C920
047AA980
01B2DF40
FEDF64D0
03D09BE0
F950EF00
03ABB580
026C74E0
050E7700
FFE3A460
FF737260
FE142E90
FEA73D90
FE55FCF0
FAF986A0
05C5E500
03D69FA0
FEF988F0
FDF91790
FB4BE160
031C4960
F724F550
FBB85800
FDD87AA0
F5210000
01DCA640
F208F350
FF7EC1A0
02286A60
FFD43E30
029CFC80
02F5FE00
FE7BF050
01ED3D80
00A66440
FFE025A0
FF165990
001330A0
F9C993C0
007851C0
FC367BE0
03C87860
F5D39240
00EE3D80
01968280
FE88E750
03B79980
00595CA0
FB9C6A30
01B093C0
034C5120
FBCBB760
05F441A0
F9F6DBE0
FE3C5020
FC655D80
FF13ECC0
FF77DCB0
07440EA0
F9A79800
007B0600
FF47FD70
015705A0
03020F60
FDFD7440
00321D20
005C6E20
01CAF580
FF0C60B0
FE449010
FD8ADF20
FB5E9CB0
0478F740
FA4792C0
FA646F50
09ADC360
0402F1C0
F6B0B9E0
FDDA8380
FB57A410
FCD4E1B0
FAA9DA40
005FF3C0
FD0473E0
01CF5C60
020A8020
03DFB900
FDD02220
FE83BC90
FBBEA000
014486C0
00705040
FF8047D0
05E47880
02D27300
FE5C8FF0
FF38C7F0
F82F9DC0
FEE54A50
FA5D9480
07550A60
03633820
00C74020
FE280060
02A4A020
0169D2E0
029F9620
00820580
FD244990
FDB37AA0
02769A60
FF87E410
FDC12270
02C50000
FA12FAB0
0A326660
F9465750
058821E0
04AD3DC0
040E5220
032DD2A0
F48620B0
002B3AA0
02F61820
02CA56E0
FB997810
FDCF7260
F2CA6340
05CC0B80
02BEB2A0
FAA63DC0
FB1D5950
023ACA20
009A5C40
FB04F6A0
0287F880
05258B00
FDF93A00
FDA61BC0
016A6560
FD61E070
FFC54F30
FADA61B0
F96283F0
06785120
FB5D5800
00EB6FC0
008F59E0
03957EE0
03C9ABA0
03B47D00
FCBCBF70
03AEB960
FADDE8A0
047911C0
FCB9FF20
FE9D6730
04BA0BA0
012C1E20
F5F90CE0
FDA26F00
0045B1E0
F757B3A0
FD885CC0
FEB73F50
FEFD4870
FED337C0
F972EF70
01E55380
FAF565B0
FDDA2790
049578A0
00595720
05EE0980
FC265C20
FAEBB5F0
024BC660
06DB1D20
034F3FC0
F85A0F20
FCBCAF60
FC8DD150
FC5E6AC0
FBF175D0
FDB59FC0
013C0260
0031D7E0
FB6F5790
FD5A3E10
04077AE0
FFBE6DF0
F7BCA7C0
FE0C49D0
FD42C110
FBAE94E0
02A6C300
FB324220
05E867A0
05865D20
FCA1DF30
F80DE6D0
FA30BCA0
0108E680
FD087180
FCC98070
FA0915F0
FC148DF0
FF3E72E0
F7FCCC20
FDF30EE0
037730E0
FF075A80
FE7EA660
FC2385B0
FCB0A390
FEC076C0
F5997300
04F4DDC0
FD1EA860
047D1BA0
036E8EE0
FD9CDD50
FBFBF4F0
001EB420
FF691E20
03C37C40
07BF3D40
FF4F42D0
FCB15B00
FF3757D0
FFB5AAD0
051B6BE0
F84239F0
00A14420
FD7DDD10
FDFC5FC0
08104460
FCD8E5A0
FAF34560
FEF76D40
FAAE3630
FD616B10
03425BE0
080E48A0
FCA34CD0
04144340
0434E2E0
01A65D00
FC8F4670
FE540EA0
FE8823F0
FD258E00
FFBAD270
0464BBE0
01B55BA0
003BB6E0
02963600
FEDBA230
F4746470
F8EFE8D0
FE8499E0
06432200
02181940
F9B43C40
FD46E600
FF8E65B0
FCBDECC0
0372DE40
FF230410
FFE82640
0148B1C0
FFA09E50
FB15DED0
FE76DAD0
FEDAEDB0
009E18E0
00213960
FF95E6A0
FE6810A0
04997840
FFCEE9D0
03ED5160
FCD68140
FAAB97D0
0293CB60
05093B80
FEAB5C00
F7DE07A0
0133B780
022B9580
03CE35C0
FE74F880
0396FB80
0076D460
02C288E0
033A5E20
061DE8C0
FBE2CFC0
03F2D220
04CF45C0
032B0AE0
04F89920
FF53D620
FBF3A800
01E093A0
FC274F00
FCDAF7F0
0459A0E0
02F0D380
FF7A31C0
F7CC0DA0
051885E0
04866FA0
FFC35790
041C3D20
F09D11B0
0054EB80
00C671E0
04F45E60
03DBDAE0
FC96E200
FA0821C0
FE240BB0
0170E9A0
003E7FC0
02B3B620
001C15C0
003BE300
0A1B0640
0617E700
FD471010
FE14CB90
FFF5D320
04A88160
01D05020
FC922AE0
024EE680
FE560310
004FA5C0
FEC03430
02D21A20
F91A9770
05BF2AC0
FEF33100
036602E0
FDB0B970
FDBF3770
FF8298A0
FEC560A0
F97D3090
FECB0780
01D5D4E0
017FE980
FCE8CB20
02CDDBA0
FFC441F0
F9798680
026CB780
FC5F3200
03CCDD40
FAF5F4A0
FC6AC490
FCF75E70
FCE9CEE0
FB34A580
01C39020
FA609A00
FF311E50
04B99060
00F49AC0
F785F710
FCFF3820
063765C0
04EA9620
FE721D30
FD232520
FCB2D2D0
FCC13B20
0082A560
FBD55A00
F9EC5D70
0AAA7D00
003E6D20
FB7098D0
021641A0
04D2C020
03386560
028888A0
FCF66E70
FB30CC80
052758E0
01FAC360
FD0B3550
018472E0
FE1A6C60
FFFF7F60
FB628B70
00BECA80
031E97C0
02860AA0
0259FC80
FFC85D20
021270C0
FF44D960
FD73A750
00960DA0
019CF220
F7CF3F00
035AC740
FCF26300
01A27300
03FF4320
03F8B2E0
FC38D8B0
F84AB3C0
05CE5700
02EEBF20
055C5AC0
03F3F580
FB77EB80
0244A600
FE8F0730
FDD17750
F6E1AA80
05F67860
FD788330
0A34C080
05194100
02F5C8C0
FE5626B0
FF90B880
03D74040
FFDBE360
01E326E0
FCEEC2A0
FEE59F70
01D87840
FC1DBC30
FC9AEC50
04235D60
FC72A650
FF69CD10
0218F1A0
FC774B50
023ED6C0
001757A0
FEA36D50
FE9A5D40
FE594990
FE803EC0
FBA86A10
FDAE7520
0352CBA0
0121BB80
FE68B950
FEEC0310
037DB620
FBD24AC0
0103FD20
F8214EF0
038811C0
0008E6E0
FF9ECB20
FD69CCD0
01011760
046145C0
05452DE0
00FDDDE0
FA920A70
FABFEFF0
FAE7F530
01BB5C60
FFC1CCB0
F8CAC030
F6CAA760
FD9F38C0
F9A47640
FD7ABF40
0565AFC0
FA7B52F0
FA91B5D0
02DC92C0
00F864A0
00484E40
08CD6D40
02BC9C20
FE1E5310
FA9F12A0
0215DEE0
FD06EC00
03BED460
FC0C1770
FE5EEDC0
FFA97F30
FC0E5F00
00B9B600
F73D6B60
04482AA0
01D6D260
FF28E520
FE6F0540
08D70B00
067F8200
FB6F88F0
032063C0
03788380
FD973270
03181360
FCE53640
FDCCE4F0
03E94740
F92B9960
023B8B20
FF6B03A0
F8C7E620
F6F67E70
0175C300
041DF000
FCEDFE90
06A88C20
FA80D300
FEF73790
FFFBF590
FA3FAEB0
FBF955E0
035AEE20
04B866A0
F7A8DB70
F648FA00
04940140
03925B00
06A8A680
FC4085E0
00185000
FAC25F50
044AD660
014A0AC0
01073100
04DA3A20
FB186EB0
FC81FB50
FDE8A140
01C46E60
FE960360
0AF35020
00483720
FE87BD20
048499C0
FF8D09C0
F69F4EA0
044C8E60
08243D40
FB324B80
02F23640
06DBCA20
FA7C2A60
00F3CFC0
FA144D10
FD770A20
FA35D790
FE30E9A0
FF50EED0
FAB1D7C0
FFC97470
09283940
FDC0C080
0134FD60
F96A9520
01787940
FBC97D80
04FEE7C0
FD7394A0
FE555F40
031C2AE0
0259D740
F9F7FE10
FDB14B10
FE6189C0
F6513D80
F7B2EC00
03CD3800
04F54B40
FED50390
01D63CA0
033D7000
03399040
FCC859D0
FC86F760
FDEAFB10
00E87BC0
05FE39C0
03F39B60
012F2AA0
FFDB6850
FA85AD20
FC4F3310
048F73C0
FDCC0250
FF55BBC0
FF65B060
FF63C010
F9801490
FA371240
FBE48060
04055F00
0100BF40
FBBD84D0
03FCD920
FE85FB60
047FCCA0
00B8ECC0
FC691210
FB78CE20
FE0CAAC0
FAC8BE40
052FFF20
FD2E07C0
FA2ECD60
05D48380
FFA6CAA0
FF10C220
F9573A50
FD7C8D20
08A01540
FF8D5E10
04C4A560
00997820
0647F740
F816CBC0
F9A81290
FEA15AE0
FEE3C3A0
F66127A0
F8775990
011C1820
00E32420
02816920
063EFB80
0264BF40
FB6324D0
FE8E5B90
FFBEBAA0
FDD35C30
036E2C20
05583AC0
0182BB00
FEEAAF50
0353FB80
FFCF2AC0
FBA344A0
002CA720
004F3580
00882180
01C35880
06376980
FC092F40
00012260
FD9F0370
F8F44C10
F9718BF0
F630E640
FC19EE70
FDCA3C30
036117E0
04FDC1C0
FD46F210
F835C7A0
04B67B20
05DC9100
FC372220
044D5080
00796360
0506A980
FC450E30
01EFB080
FCA98DA0
02390800
FE83D950
FB82FCA0
FEE0F520
04DADE40
FA173720
057E2D60
FE6891B0
00ABBD40
FC7FB7E0
FEEFC270
0360A040
03DC4EA0
06850CA0
FCD28710
FC0E0FA0
001768A0
FEA1CE60
FCA42790
FE141180
019F9600
04060160
FCF11F60
FDE60700
0625F720
FB8CECC0
FE064550
F83E37E0
033B57A0
FE69AF70
FFDDF8F0
014547C0
000C38A0
008A4740
00C7EB60
FACB5A10
03386780
04900340
01FF28A0
FEAB8950
FBF188C0
0715AD00
021D9F20
FE247900
03FC0040
FE530FA0
0143E040
05DA3780
FC226780
FC9C5300
F80020A0
FB304A30
061F91E0
040D2D60
03129020
05B0DB40
046E85C0
FC13F1C0
F9242C20
041DE8C0
02BC6500
F87EC480
03C9D840
FEB99830
01E1D400
F831AC60
FBFD2D50
FE25F940
022A1140
FCC3D650
064F7C80
F5F20200
FA3B8770
02DF8420
FF9F4670
02055540
FDB40F40
03BA3FE0
0408BA00
FE07EAE0
01130840
03D5B8E0
FB8D8290
FB36A7C0
026353E0
FDF30960
FA365140
FEBD4260
FA05F250
0546B1E0
FDF500F0
00496540
FCF4C920
FD798D50
F335E250
FCAED5E0
FB3E4BE0
FBAA7940
00F1C3A0
FFCC41A0
FD8206B0
F950EE00
028A8040
F8BD9500
02645BC0
FFBEFE30
0363DD00
FEA67C40
00F841C0
00D22540
03534A80
FEFECF90
0636CA20
FD27D720
045906E0
FAD919A0
051EF380
08E64D00
FBF09BB0
F957ADD0
F876A810
017CA2E0
FD136800
FF5D4AD0
045A9B60
FE3EBD90
FF6FB910
03E38600
FFA4B1C0
FD19A540
FFB72420
F9FC6E70
FD01B900
0680E480
028210A0
FAD5C4B0
FE55D410
FE0212E0
FC4ACEC0
FF5F4760
011A1600
FB525FA0
FE3E5CC0
FD110BC0
FF7F9FE0
008A4040
FF958050
02B13620
FFD6D580
FE62FA80
F93A05D0
0059BE80
FADF05F0
FBBE72E0
FB15C0D0
03DC2260
0690AD00
0020E3E0
F8F28A00
FDCC8790
040E3E00
03C7DCE0
0638B960
FF42E0A0
021EFB00
013265E0
F8BAB600
FDEAD8E0
001B3600
F886CE30
FDFF2F00
FCD72400
05474720
FA084140
FDDAF760
F949A170
012CC540
FD134DA0
07E0E160
00857F00
FF33DF70
FC8C9180
F9AF98C0
F3B92100
01A98C80
01DD0FA0
FF03DF80
077D1AC0
FBE826D0
022EEAA0
097E29E0
FA439EA0
02F12BC0
F8E46600
FC393F00
FCAB3DB0
FF90FAC0
055FDD80
F7BC2C10
0421A8E0
0208B2E0
00D0B660
0257C680
03C71DA0
FA57C370
FF5C5900
0D2B6AE0
F9ED7520
FA940210
FC63C680
075BA960
0819DF60
01E4B360
01D0BD20
FBE71E80
00329E00
07AC19C0
07C59FC0
030E7A40
FD7DF370
02925B60
FF3BFB20
00A7BB80
066A1B60
F79846C0
00C23860
FD865760
0055F100
01BBEF20
0482F020
F9FA9110
064D2060
002EF940
025B1C80
021660E0
FB900760
02021B00
FFC781B0
FD3BFFA0
FF7FA810
02A15DA0
F8124F90
03BD6260
FA1BD7F0
FCF68CE0
0061E4E0
FAC43750
054856A0
FEA6C6D0
FB2CA650
FEDBA630
00C24B80
FE48DED0
05420040
FF8C5E50
FDE68250
FF0E9730
F528CAF0
F811FE80
FD435040
0172AEE0
FC78C9E0
F661FC20
FE9E0E20
F9E07320
FAD326A0
FBDE2340
0423BCE0
0965D040
0594BF00
FD264E80
FAE3B1C0
02AE1500
0405EB20
0326D160
060B6E40
FA5D0870
021D15C0
00D6F620
FECBF0D0
00D1F000
F816A9C0
FEE05350
FDBEEBA0
06E6BA80
FA62DDD0
042F18A0
FB131EC0
FF984D90
FE754820
002760A0
01F87680
023FA580
0780A140
FA6CD5B0
F98371F0
FAFB95A0
F9868680
073C8200
FA38F110
030D50A0
02C97040
FA77B5B0
FFA378D0
FC8074E0
0286D640
FF5BEEA0
F9869280
FE4AB470
01686E80
FEA64C90
FE998500
FF092890
FBB7EDC0
04822220
FFE775B0
08274C40
FFD3F7A0
FAC08700
0093B020
02F66000
00B7BF20
02AA79A0
FC2AF080
FE381ED0
FDF57DF0
00141C40
FDFED370
F9B7E810
0117AA60
026A8B00
07151560
FE58F940
058339C0
F90B3270
012A9260
FDF1B220
05E61A60
F7987730
FFCBD1B0
FDD08CB0
08B80380
F5C6E6E0
FDE9A8A0
FCE3BA70
FAE76B80
FFBD5D20
038DA660
FDCE83E0
FDCDB0E0
FC64FFC0
FBE72C10
00979BA0
FF84D9E0
FA129800
FC2BF640
F886E020
05BACAA0
FB48C950
FE296950
0012EF40
07275A20
00E2B280
FEAA93B0
FFF58DC0
FE758860
FBAF5540
02EEAD60
FFE6D330
FD366760
FDFB33C0
FB2EFD90
034B2A60
0633EEA0
FD08CEC0
0161C060
F96775F0
01E1D0E0
069A7080
02BEE3A0
FD9A0430
FB72DB20
FF338770
F5BF0420
046B4C40
F9019560
01906620
FBAD2E70
F7C8A170
02236FA0
00E5ED00
00C405E0
04D67C60
03D94C40
0811CF80
07DD3D40
081F7FC0
00A11EE0
01BA4760
F89A2E40
FD095070
F9D3CC20
03827560
01820820
007D9000
FB5E9310
08BC6CC0
04979FA0
FEB98B80
FE685380
FB71DDC0
FDA90040
FEA15E40
FA209020
FB63FFF0
FB2D1870
00A48D80
FC72A4F0
FD2374B0
0701AF00
FFC580F0
FB64CFF0
FD371DA0
03E501E0
06846040
03E345A0
031C9280
027A9340
FA3388C0
00D3DB60
006F1740
FE6ADC20
032D17C0
FCB1E0B0
F63245B0
00753460
08C260A0
FD25E180
F82A9990
FA01DD20
029F34C0
FD3670B0
014C9AE0
FCD2A520
FF1EC000
F9BD5EC0
FB3A23C0
FA905140
F9939190
FE1CBBE0
032F2AE0
00047120
0171CC60
F8047BF0
FF300F10
F5F853E0
04864F60
FF9C6B00
02CABD20
F9160F00
045B6A60
FD024AB0
08C72C20
013F8D40
F71FAE30
F4756820
02403C20
014A81C0
FB21EDC0
FF197360
FD1C75E0
000D5200
FDF98FB0
FC16AB40
02AC4D80
002A0CA0
00582880
FD102710
039D6180
022F9200
FF1C8AF0
F9D00630
FEDB9150
033EAAC0
FA39E310
01A46580
0274D680
04A6E380
F3E67020
02014B00
FD9B33A0
FB594AE0
FAB9AAB0
01956EE0
030A7900
FF430360
065F3A40
F9727E10
FE6F3B60
FD065630
FD0ECF20
FD97A2F0
036E18A0
FEEBDC60
FFE2F6A0
FA273100
05225560
FE397250
01FAB1A0
04465CA0
0090E340
00AEFC80
022D2500
005C80C0
008610E0
FD005110
FAEC3F90
FD392080
FF035920
FE083110
021F20A0
FD36D100
01DCB940
F75B60B0
F6AA9C60
05A480C0
0174B020
03308580
0640A380
01529BE0
FF6A9FF0
FF6FF7F0
FD9411A0
072A2F60
FE3C7EA0
FCD3DD60
07086CC0
0323E180
01F099E0
F7E7BBA0
04D5D560
FDBD6E80
FB10C5E0
007D20C0
FF381BF0
FFE71EF0
0212F820
FF554460
00FEED00
0023FCA0
FBD2E970
01A6B000
FB13F8D0
FDF3D2E0
FCA01FD0
04403D00
012AB3A0
0231CF00
FEECD220
004F4920
F3761720
F9884EC0
FBB5AE60
F93AE7B0
00F95820
01837560
01AE6480
0103C600
029B7B80
01F78B60
FC246AD0
FC5661B0
FE8BE650
042C0A80
FAC3B400
003ADC80
FFAC7DB0
F83B68E0
FFE2DD60
01F13D60
03F324C0
FED8B9D0
FC8A5380
FBA2E020
FF0125D0
0093FB00
F935A9A0
FF8BC260
FFE2FB40
01DC3800
02CB1F20
FD98DF90
FC298F40
041A4960
FF443920
07A0BB00
012A5700
F8654EF0
0123D420
F8A63260
FE6F98F0
0019C860
02A56220
F997F1F0
FD0103B0
027898E0
FFB33460
07032D40
F92E2AD0
FF198C80
FB2CE980
FCA37860
FE068A80
02CE80E0
FB99AF90
FEF406E0
F80E19C0
0471C3A0
0322F2E0
F6CD6740
FE878A30
02DB3D20
03482900
048D4FA0
FF86F8F0
FFF7BEE0
002657C0
FF84C7B0
F9594670
034E50E0
05452D40
F56E8560
017FC9E0
00D18E40
0199D200
068CED60
FCE22720
01DE4960
FC7C3920
0087F000
079CFB40
FDEABF90
04FED1A0
F9634E70
0026F1E0
0784A9E0
03691B20
023012A0
FC4AF3F0
F5532200
01647520
01287B20
FD8FB210
FE8F4060
FDBA8130
FD33DC80
FD546C60
FF3F2160
FD65A640
0648BB20
F3FF4AA0
0359BC40
043D3EE0
FE015130
FB80F6A0
FC8C2760
05F5CE60
04D628E0
FF418B80
FC94B7D0
038BB9C0
FE919510
FB164950
FB666E50
01933320
FFC90AC0
03DEC400
FBFAA5F0
FEDB1C30
FFA803E0
FDA910E0
00D84640
0611B640
FF6C89C0
FAF92A50
FD264830
021DE680
FA430740
00DC75A0
F89D5DC0
FBF88E50
038F14E0
00355DE0
FF59E6F0
03915580
FAF27530
FD9B1880
031286E0
FD1B89D0
009D5600
03903400
FFA75FB0
002B1FE0
0115BBA0
0500D120
FE1183B0
04409760
FB3F90A0
FF6F5980
FE9FB0D0
01BF9F40
FEAA5FC0
FCD066F0
FBA47A20
01CDD1A0
05FE8080
FF5F9F80
02228B40
FF447870
FE924950
00CDB840
03619300
FFBC4F60
013102E0
F9FC3BE0
F41CE6C0
0098D180
0110AAA0
002EF5E0
04712E40
FD47EBE0
042EFA60
03F86720
FBCFA470
FE8291C0
F7DA9700
0057F680
01E50180
04B750E0
FDB30080
FF8B8C20
FC1907E0
FC503740
FDC86120
F9BF6800
FF26FA60
FFCBC690
FD0715F0
010A9340
FA6F1150
00878980
FD7B7440
05E0B420
004AD720
F8662E70
01FC8660
007F9880
0198B020
046CE0E0
FE728AB0
00754E60
F8AAF700
FE860D80
FFCECC60
00993040
FEA66E70
FD2B8240
009BDC80
FB7A9AD0
00933AE0
07573A20
04C59C60
F733C240
FC26D020
F541DAC0
FDF5E770
F8B51F20
030D8920
F6D21840
FF0AB6C0
00982B00
F987FB90
F9623470
FE0B8EC0
FAABE850
FC2F9710
011AE8C0
04213AE0
FCD999E0
006D5940
F9E339B0
04A632C0
055090E0
016D76C0
FD975BC0
FCDD6830
022B3820
010D2C80
FB0BE7F0
04961580
FADAE990
042B1500
06D94980
FFACB010
FBA9A180
FD163640
FF999D30
0242CA60
FE6E40F0
FF1D8230
FA510390
07CE3FE0
FFD44130
F9DFF770
008A9140
04202DA0
0A88BAE0
00E8CFC0
F84380B0
001A71A0
FF2802E0
000E4900
0413BD80
FEA7BA80
052183A0
FFC05F20
027D9820
FBF1F370
F768C110
0286F1C0
FFDCD320
008D4180
08DF7C40
03D1BC60
F5F6F160
020B2480
FF6A0CA0
F8AEB770
01A4FAC0
011C5AA0
01BFC660
04A11B00
FA19FAF0
F71A6CA0
FF33CDC0
035A89A0
FBD216D0
09067080
01A19660
030B7DE0
FA7240D0
06FAD420
06572960
FFE941F0
FF6FCE40
001513A0
029DF740
FA64F990
0018A2E0
F8059CC0
FE84AFC0
FB3803E0
FE9A7C30
FEEB31A0
FD3EC7F0
FB416420
FABDB390
FF862A70
FDA31A90
FDCFEE00
FBF0FBB0
02800F80
F9DE3C30
FCC78240
01520720
FADFF220
00DE17A0
F90911C0
F9408FF0
02470D20
00139DA0
FF94DB70
04D475C0
01C30EA0
F79229E0
06937C20
FCB83250
FB5E8970
FF194400
03108D00
FCC358A0
07D1D860
FBF1C130
FBBC1210
FE3D3530
FAEB7D90
FC160010
FFFF4B80
02C2BC40
FDA8B820
FF028210
FC9F7760
FD650E30
06B7AFE0
FD749120
02098B20
01C80CC0
01BBFCC0
0076F2C0
FFADAB00
05A30580
FB2C7130
052B0FA0
0508EFA0
065E2480
011293C0
FD53AE30
FA8DD3B0
0256F700
FEB2B460
FD3FECD0
038BB980
FDC6BA70
FD0F8190
FED4C7C0
FBD0EBB0
FDFD39E0
F992E290
F73D5110
040B4960
FB3C1290
FE526CC0
F8A7EA10
022011A0
08543040
FFDE8380
0637CCA0
F95A1CA0
FD961ED0
0453D280
FA2F4C10
FA312670
FEE36E80
FEBF28A0
00882560
04EC9EC0
F85C54D0
FEB01200
031FC060
03600900
026E0940
05180380
F6B999D0
02A90880
FE46D510
036D6840
FB9CC620
03D49E80
FE7F40B0
F75C1BA0
027CC2C0
FDF1CC80
F92CB790
F8BAE0D0
03CC1680
FD605770
FB183CD0
F6F72060
030D6EE0
FEB076A0
FB9621E0
FA028D90
02DFB720
FBBF84B0
FE37E990
FF497FB0
FABE3340
017DB280
FCC31030
01EF4060
FAD41A30
FBE352B0
FE2B8EA0
030ADF60
FDCBDB20
01E1E840
04B86120
F6ACA490
019A8B00
FDE835C0
FCA995E0
01922A40
002EC320
00092200
FFD7B890
00532DE0
03BC8CE0
02EB90A0
FE225940
FFFFE530
024E77A0
FF6BC5A0
FF004C90
FD6EB9D0
02947F20
FE567090
FCE04380
FDEDC380
06AC28C0
019FEB60
FF8FD6C0
FC8CB990
FC1F3D80
FEC22A30
F946DC70
FA438900
FA401B60
00C1F400
FEC762E0
FF97A590
081BA740
036CBCC0
FC5CA340
02023040
04548820
03C4D080
FD746CD0
FE820890
FE8D8C70
FBC3D5C0
FD3FEE20
FB26C200
01E700C0
FE765E10
01E08B00
05286B40
FB8A1CC0
0382EE40
FF550500
FE1F6260
FAB93100
FA3BD9F0
F5F47F80
02801720
0351C420
02C62600
01200720
06ED43A0
FED4D2E0
FF46EE60
F9593B70
F7DB4F00
FD6C0650
005B5160
02856120
021D1C20
F9AE3890
FDD92580
05E82560
FFC45020
F6F3E1A0
020C75C0
FF0863F0
FEE3E030
02E7BE00
01973500
FF3FC120
007B1660
F646BAD0
FA193BD0
0728FA40
FA80C420
FCF657F0
043F61A0
FB643930
00BC12C0
FD2054A0
01E9BDE0
0391D7C0
FE8E43F0
01724A60
0473C9A0
01FFCEC0
0048F380
FF728560
FFB05380
FB6E7AD0
FBEA4700
056034E0
FD59E8D0
FD687010
04918740
F9C52F50
FE24E0C0
FD138660
059F1420
01772AE0
00F3BDC0
05444BA0
04147600
F9F81BE0
09863F20
01A25CE0
FB8D6B20
FD723560
F84A1720
FBF62F70
FB9F2DB0
06529000
FD315AA0
FE522C30
FD504FC0
00A8FF00
F9592B30
010BD820
FF802EF0
0158F760
FA6BDAE0
FCD99DB0
0064E260
F8249540
FC34C940
05097EC0
FD51F560
FDD50540
05C41C60
00B51220
FD3DC1B0
F7400EA0
FCCB6F50
FAEC6390
069C1A00
03B09A60
FAE32D60
0A83C820
F5DCFC30
FDB45350
FF5D1BD0
F6CFDC20
FB020910
FEE93C50
0481A120
FC1825A0
0656BD00
FEBD2510
036AD640
F638AFD0
FB893B90
0541A640
FF43EEF0
032526C0
02C16180
FBD4B560
030FD380
F9E8FE10
F99605C0
05EF29C0
04BDC000
09379080
FF5B2A80
013685A0
0063D6C0
022390E0
FAB31770
F9931770
FF682870
FEFE8070
F9902860
FCF53810
FE2B23F0
FAEA14F0
FAA45800
00072F00
FE003DD0
FF158AB0
FFE60390
FEC7A9F0
FE1F4710
FD011840
FE734040
00C040A0
063C0440
FA59B620
033DDE20
FA418150
FC55E4C0
FF543A30
F8BE90C0
069ED2E0
FE8754F0
FC6F2710
03F673C0
FDF7A4D0
FE3C8BD0
FE709070
FC22C920
02909480
FFB889C0
FC0111A0
074E8C20
FC5CE610
026F0A40
FBE83050
01B81DE0
F63B7360
F8AA7990
02008700
FBB0DC10
00E07100
FECA3750
05A12840
FFF0DA50
033B6360
FC48EEB0
FF75CDC0
FE1944B0
FF53E180
FB2689C0
FB78DA50
FF5B0F40
02C2C060
08D91640
04472E20
02A20C40
FCE11C40
F9846950
01295560
FC4679F0
06F7A140
0018DF00
FD63DAD0
FDD3A690
0241CE60
F5B3AAF0
0205A360
FFEB01B0
FBE36400
07912F40
FE6B9000
FA5E7940
01F47440
01528B80
02CAB880
019D8A20
FEAF6080
038723E0
F9FF0720
FDFAD000
05086AA0
08867BE0
F88C2E80
FFC9E900
F7FC28A0
00C28580
0BC87BC0
05A65DA0
FD262790
FD87EBC0
FDA3B570
0939ED20
FB5B3CE0
001CCC20
F9189410
FF4C1720
03F3CB20
02341060
FE9AE040
020FC2E0
FCEBAEE0
FAC71F80
FB8E5960
02847D80
FD3885A0
01779C20
02FA88C0
F7D350A0
FFAFF0D0
FCAA6220
FD0D28E0
0227D5A0
FB50F160
00EE9800
007D3B00
00C91BE0
FD1871E0
00E0A700
0522F940
FBC282B0
05DDF7C0
05AF02C0
FCCD2280
FD886C10
006649E0
080AF600
004A34C0
FEDE77B0
0133C9C0
02523A40
008670E0
04573080
FFD63E70
FF9B3AB0
012EA580
00A35B00
0635DDC0
FB97A800
0613F7E0
FF660CB0
FD211360
FBE9BA30
002A6C00
0042C400
FA69B1A0
F88D20A0
FED69820
FA5883A0
FD631160
FF5D2830
053B2DA0
0501B9A0
00380F20
FC9327E0
FFAFED50
FFD94D50
05C3E700
046F7720
F9B918C0
019E5E80
FB0D7510
005B4A20
FD477770
FDDB0320
00030960
FAC342E0
069DC500
029BDF80
FF16EAD0
017029A0
005C1F80
059E91A0
00E75160
FF064C40
0207BCA0
FC0CDFD0
FBF832B0
0857DCC0
FBD382E0
0324D720
04A51780
FEE10730
FCEB7370
FFB869D0
FF2E8D80
01BD0E20
FDC59F00
FF14DC40
04628C60
0443B100
03273F20
00345700
FBAFCAC0
FA822D70
FA9767C0
FFDF7F90
F9D715A0
03852860
049C50A0
0166E3A0
FE921910
01341880
FD4FFD30
009E2C00
001CBDC0
FF093830
041C2F60
01C27C80
FD5526C0
01FC7280
F9A89B70
F6EF4250
FDD2FC80
FD627A00
003A7080
FE6B7250
FCD6FFB0
FEAB1300
015D4860
FD4F5640
FE85ACB0
FC7A9730
F9DB5770
F881D560
FDD9F9E0
FB340130
FB8552F0
FB04A360
FCE26B80
02EE3CE0
036C39E0
FE11FAB0
FAE36090
FB66A1D0
FC25AA40
FF3FA4A0
02974AC0
FD9CD900
FBA87130
FE3288D0
FED86940
F39B68A0
FCA4C4F0
FDE300D0
F928A9A0
FD56E0C0
FF0561D0
0267B0A0
FD09DA90
0510E1A0
0554ECE0
03C9B760
F6E33690
FF935CF0
FFCF4380
FA0FAEA0
0122B280
0444F760
FF1D39B0
00771220
FDCB6400
FE338740
FAD342A0
02673560
FE124F90
FCAE6EB0
FFE7F4E0
FBFD0750
02275500
03B387A0
008EABA0
0379E580
05E9B760
FF669250
FFCDAAA0
0278E3C0
041BC380
FDE908C0
F7F23430
FD9E73F0
025FFAC0
FA002BA0
FB247E00
01EF3840
FC1CB480
F98EE4B0
FBD72E80
0276BCE0
011382C0
FDFFDCC0
FB32A990
01A512A0
FF615F40
00EEBF80
00E38580
FC750660
F575CF00
FAA2FEB0
FDEE1B80
FC05ED40
FA7B9EE0
FD9CE310
03DFA760
FF0295F0
FF0E3260
FD1DBE80
F4CCCBD0
FCB4D4A0
FB952600
FE8DA750
FB6927A0
061983A0
0263F120
0059BD20
F827BB50
FCF159C0
0779D0C0
FE1159B0
FF2B1610
FD737E70
FAA9DDD0
FF4D1400
00F51CA0
05A738E0
F892B030
F92350B0
04571C00
FA508980
FE1FBA50
04B9E3E0
FEFED960
FE3ACDD0
FA92D740
FAB4A0D0
FD7DD730
F4719970
03913280
0443E140
04DF1B80
04F059C0
FBCE8B20
02C86600
FEF4BD60
036D80E0
03568B60
FECE3F90
FC0C8680
FF966350
FEF17C00
FF880880
02A56B60
FF672060
05C6FBA0
FD0FEC40
FAD94D40
0228F3E0
057090E0
FB9E7D60
02391600
04F292C0
0158F9A0
02BC4B60
048189E0
021BF620
FFCC3C80
FCA1F330
0107C9C0
F8BB8E50
00DC4160
FF8A80C0
034FB260
FEB2F830
FFA508C0
01D4EB00
FF354610
FAEA56F0
0382B540
02D2F680
FE7E1F60
05A2F040
02E74320
03696480
01F1DB60
FE88AB30
01C60440
0228E400
FE12F2D0
04C9CE60
FE7176D0
03174DC0
02CB0E60
FDACA1D0
009DE040
FE3B0330
00BF12A0
01D09E40
03370EC0
FAAD2EA0
FD179BB0
FD0225A0
F9DF5920
FA674930
015CDCE0
FDA2B110
013BF440
F88B8A70
FD2C4660
F98CE060
FE67CE10
01AC0D00
006D6CC0
02E48500
FB60BB10
01458F80
F898B1C0
FA1B9420
027E8920
FAB39C90
FC366870
03088000
FFFC75A0
0607A540
00C1DFA0
FF787C20
09DD5260
018E2C40
0606B4C0
FE987DC0
0082A440
002A99C0
03419E40
0091DE80
00815060
FA62C900
00E81360
FE195270
FD81A620
044729A0
0310EBE0
03D85000
019EC820
FF7F6380
F9063660
01D81240
FF0FD510
FED54580
FB8610E0
F647BAA0
FF8CED10
037933A0
FDABA840
FE016940
F631F800
FB975A10
FDD2CFA0
FB7756A0
0815F280
01482760
F8B76570
F91EA970
FACC53B0
FCD8C650
FD1599A0
FC7D99B0
FC053560
04C512A0
FB6BF770
F8B7FF00
02B046A0
00880300
FF5B8D30
0423CAA0
04617460
FECA65F0
FE342450
FED398F0
FCF5EF10
FA21B430
03828980
0305CEC0
01DBC7E0
FF3D6AD0
FFC19D80
FCBAF220
0004BD00
FEFE11F0
FD2F8B80
F67C80A0
FEB36CA0
FF5DDD00
0351D260
03EFDCE0
FEEADF20
FC3D3D70
F8C22800
FB9C2E40
004CC7C0
0349BDC0
05D50FA0
F9D4CC30
04B252C0
FA13CB70
045EC540
0453C8A0
FDF3A590
FAE22340
FFB6B2F0
F7A407C0
03724520
01E9FD60
FF449860
F632B430
F8418860
02B6ABE0
FCCE7C60
F85F6520
FAE11430
FCE4DDB0
F8EE1060
03E3E4E0
FA364480
F83A0EF0
0205FDC0
F9532D90
FB5E4AB0
F97B9310
05AD5C00
FB0645B0
F77DC840
FF15C820
0190C020
03152100
FC6778D0
F8F9AC80
051BDA00
FE571180
015D95A0
FB8D97C0
044F2D00
FB8830C0
F9A36A50
02F24020
FCA03FF0
FE98D790
FC5CBD00
00CD1020
F7DE3B30
02417480
051D3740
FA932840
FD771370
FD301E80
04C61CE0
FE9C50F0
01725920
FE28E930
FB4EC200
00B83140
0688CB80
F924F8F0
FE0D8950
FD56E9B0
FBAF1A40
017DDF20
FB1A81C0
F5D42650
FD615AA0
00796D00
03CB81A0
01A5CBE0
020404A0
F7A69D50
FCEF2A40
FE2CD220
0975CAE0
FDF73420
FEED7CA0
FDD8D5D0
045FE920
051A3960
FE501AB0
FB3684C0
FFA81540
FEB2DE80
FD99C5F0
00E67B40
06142B80
04D896E0
05841E40
FAB3EAC0
F5D04B50
FD743930
058BCA00
FDB5F550
00AB7EE0
FF09CC50
FA664AE0
0463A620
01606F80
F89D4BD0
052CC300
FEE23E50
01E350E0
FFB398E0
021E2FE0
FE300DF0
F9BE1890
03463480
FE96B570
03E24AA0
04C82A60
FC935DD0
059012E0
02060B80
FF3944F0
FE37DCF0
07848180
FBED0D10
FDD7F710
FE997D20
FB577840
FBBF3820
015145C0
FC562E80
FF9CFDF0
FC70C670
FD66FFC0
004F2AE0
00E90380
FBD102E0
FD3ABD80
FACA8530
FF5B1E60
01117D40
0629DBE0
FFC71370
0770D920
FDA56AB0
FED2CC90
00294FC0
F9CC7B80
F9FD0E70
FC3B35B0
FD2B42E0
F8E49070
02479BA0
00B71620
00DB9000
06BD4680
FB971770
FE312450
040454A0
00BE4620
014F5460
FC2F0BE0
01006200
06149740
FF3DBFF0
0147DF20
04FC7300
FFBA4900
00AE0540
FF8475E0
00EC2240
FFB00B50
FF9A3390
03BF12E0
009AE7A0
F81D0F90
FF4704F0
FD102F70
FD8B2A40
FBA7DDD0
FFB98760
FB12E9C0
01D56820
0090AA80
058B8BE0
F9F8BEE0
FFFBB540
FAC77260
04224A40
01D2A700
FE595E70
06278080
FB4E5860
FE090000
F96EB540
FD241660
FFEB6420
035E6BC0
FFCD56A0
FFDD7940
0095D4E0
039D9680
05344600
00C0CDE0
FE12BE20
FB2250D0
FFEC9330
00EB1960
FD499580
F8D20E90
FC9A2A60
07DE5700
019D6CE0
FFDFD940
021C29C0
FAC3C050
FCC80840
0168F860
0208E520
FC1560C0
012E8E60
FA638C50
F8DBB660
02F0F080
01452A60
00C15DC0
07878A80
011E3D80
F9FE5E00
FFF9A030
FCAAE8E0
FAC0EC40
F3E4A860
028772C0
06829260
FB45A020
FE268F60
FC5C1CF0
FED80840
00658700
0117AFA0
FDEBD4D0
03DFC3C0
016EB3E0
001A8D00
02BEFF00
FBF11AF0
02D4BD80
FAE0F930
02B0A0A0
027CE000
07BCD4C0
FE95F180
FFAA1200
F8F80710
03689320
02C45520
087785A0
FBD94280
02672800
FB80A3B0
F54983A0
FBE53900
FD4F26B0
FB654A60
FBA74090
0066AA40
01F55880
050D1240
FC66A820
FCF23180
0206F140
0263FD00
FBAAF5E0
000A8840
0830E800
057A6DA0
FD2E18E0
0006DA60
0084F9C0
02872C80
FEE40590
F8CF3F20
04AC94C0
02F35AE0
FC97D3C0
FE181380
005249E0
FB970EA0
F98C7E60
FEEA6EF0
F9C689D0
FEDEC490
FE2769C0
017C12A0
03E73360
F9C55E30
0157E300
026AB8C0
00FD4960
FE1512F0
FF8F52E0
F539A4A0
F90D31A0
FA9D2840
06BD7880
FB02EA20
018B05A0
FD0B59F0
02B4B5E0
02CB83C0
02E4F820
057140C0
F8A86600
FC54CC10
FA5E5DD0
FCD19260
F7FEB420
0747FF80
013F2E80
FD473740
00191F40
F72611C0
FC9EE950
FCCC41B0
FFE08F50
0309AAE0
00ABEDE0
FCC4EE90
FFBAB270
02738720
FF110C40
FACDD780
F4526BE0
F7B783B0
061246A0
FFA86620
FD524BC0
036B1320
F7035130
017E7980
F6B51ED0
023A8720
FAE2D170
FB34AE90
00BF60E0
04621340
00DBCD20
FD831DC0
FF26FC00
FD9C7F40
00BE2140
01B6F620
059BF520
FE25F1E0
03BB1C60
00646480
FB261050
008EE980
FFCE5AC0
F83B0710
FE1E6560
0419C7E0
FABFE4F0
FF325DC0
FD665890
023A0CE0
01C26BC0
FA3584B0
FCBE8FB0
00F35D80
028186E0
062686C0
004B1CC0
FCA9AFE0
F87C2210
F8A57760
FC8EE270
F6520BC0
FFCB8F00
FD739760
009364A0
FFEE1490
FF70DE90
FE6B85F0
F9E84E40
03EEE1C0
019EA340
00620580
05CDDE00
FA570990
03B95180
FEA3CFF0
047093A0
FB5EC340
0390AA20
FE7A8890
04962500
035F4AC0
FFB41EF0
006AEA00
023BE4E0
FA5F7720
FF8DB830
FA62E9B0
031ECF00
FB9DBA60
03B38980
07AAAF80
FA5E89E0
01DACD20
FF845010
06862C80
09B5CA20
02482160
00BF4100
06EC6CE0
FFEE28A0
FD32BD60
F9F1C400
FC8D53A0
FDDBA7C0
0526C960
FC948E10
019B7220
F89C3650
027829E0
00C53820
FD2C3670
F940C920
FCBB0200
07AF89E0
000E0100
00509DA0
FE70DF00
03B2C700
00761060
FB9B7F50
032A49E0
FEBFA9E0
0230BE40
0040FF00
FBFB92A0
03858DE0
05198A60
00278C60
FE4D16C0
009E80A0
FEA62CB0
FFC3DC40
FD696810
FFA1BA80
098F0740
FC7CC1F0
FC3FD190
FD3E5600
FB584540
FC76ECD0
FED8C600
FC9A10B0
FDFCE130
01E34E80
FDF3A7C0
06F712A0
FF489CE0
00D00B80
F2B127B0
02AF4AE0
00BEB500
00FFB880
03813160
FFD69610
03275AA0
FA337FB0
FC2EF350
FCC98750
FB3836D0
F9348080
FD4480F0
038AA240
FAD67690
0933CCA0
FF539B80
03EF0840
FF0883B0
03B5FE00
019DD900
FC2D7A10
F7A73AE0
FB912890
0278CA20
00D81460
FEA66460
FE6092A0
004F9BE0
02558A60
00247960
00FA3900
F993E470
0065FCC0
0054FCE0
01B28060
01164660
FA9146E0
F790F190
FEC07920
FF049800
002C7480
FED10870
07EDCF20
06059A60
FC619E40
FB5C7770
FBF55670
FEC7BF20
FE6A1D20
01199560
FDAB9830
07FA0460
FF48F260
FA015820
064F7A60
FF5EF5F0
0017B620
FF58D3E0
017E5620
FC75A410
FA8AB1B0
05578FC0
01040180
02976EE0
FC570EC0
FBB4D620
0650F020
FCF10220
FC910CC0
046BEB20
F9EF3710
FE3D5390
FD1AA470
FF591100
FF61B720
021B7D00
FEB6CA40
05C23580
01527880
FF7E5DE0
FBE99E20
FE5515C0
FFCAF930
048C10A0
FE55B590
FCAC3510
FD460650
FD930580
026EB680
02813A60
F7BF2DC0
07028140
FF109EA0
FF8D9640
F935EDF0
01046620
03815AE0
04E7B020
FA713A20
054B6C80
FEAB5170
FBF247C0
FCAAF970
FFF43790
00036EA0
FB9610D0
04BD9780
FF14F9F0
FD6412F0
062257E0
049DFAE0
008D7340
FD4250E0
FEEA6D30
F9AC3BA0
03DC5180
01C0CEE0
FE315350
FC21D340
036E29A0
027F2960
FC20EB80
FD2C5F90
0752BF60
FB5C9020
024E1DE0
FCDC48A0
F8C1EE40
02578FE0
FF610C00
FB6663D0
FF74A030
FAADFC10
FA077930
05A4B000
F999ADD0
FFCCBC60
01F8D120
06BE54C0
FD809FC0
04DFEE60
013C4780
FE462B80
002FE580
FAC53370
FA476120
031A5920
0117D4C0
FE4608F0
00A1DCA0
0414B1A0
FA1D2DE0
02BDC020
013E6F80
02600080
FD91C630
048CDEA0
FE7CD720
02791D00
009329E0
062E3420
034CB400
F27CA5F0
F878B6F0
FD858CB0
FFF383B0
FE099E10
FE0D8390
01E56140
FE7C0F20
FFBC5700
FBA0AB50
05104DA0
00D35D60
03523A20
F9E73080
011B86A0
FB387DF0
0136CD40
FA11F420
FE184EA0
FD50B3E0
FCBF98F0
FBEFFB50
FCF2B090
FF29E180
0899A620
02536D40
007F88C0
FA344C00
FD7399B0
F7F41AA0
FA05DC70
FE060220
FFA808A0
0471C7E0
FC6E5A10
03EEB980
FA650C50
03D18980
038DE940
09D9C5E0
F6DAD7A0
FF522050
FF8E6690
FF97EC10
026F4A20
00D84580
FC08FBF0
0208E220
FF0E00E0
F9A265D0
FA176E50
04172CC0
FB66D0E0
FF297E30
01C8E120
00B6CBA0
FAF9A8D0
01303420
03816780
08CD9720
00CD9640
FD584120
FB4EFF40
FFCB4FC0
FB067950
FDE9C5A0
FF0CBF70
FF007DF0
F6E9E690
FE9A9DA0
FD626FF0
03EFC5A0
FC8E8680
FCB0CC40
02C60BC0
FEDD36A0
021927A0
FF07AFA0
FBB09960
05AEF140
FB67A080
01CB5DC0
FB552320
FE7B7AD0
047220E0
FD31A620
FCA1FD30
05E2CAC0
FF80AA60
FE4126D0
FFB89940
01849F60
0377D620
FB17A0D0
FA8AA250
FE775850
F940C710
0204FB20
004CB580
0987F560
0274AF80
FCD9FE20
FC926CC0
F5EE4FE0
00D658E0
F8E732A0
01BCDB80
08D32BA0
FF9C06C0
FD64B200
FBC2B030
FEEE7D10
052BDAA0
F9C25230
05300420
02CC9FC0
038A6E60
02834E20
FF3B09E0
FEF25330
FEF38250
018050C0
FB285900
FD3A10F0
FDB6A6B0
016F4E80
03351C20
FC3DB830
03A974C0
FD0B9120
048810C0
FBF62C70
014DDB60
013FF300
057D1720
FE8FC9E0
04B3C300
FA5F4AD0
FB62CA90
02CC20C0
049C7EA0
FF1A1AB0
FCD43CA0
00D05800
FFFC6F10
0412D500
035BFEA0
01830D20
FC603EF0
FF197660
FF548D50
025A83A0
FCAC0570
FD8A8A50
02D73400
FCF47E70
FF38D5D0
00E34AC0
FDB6CDF0
FA5FAE40
F6C20720
FB6BCD90
02A7DF40
FCB5F220
FD03DE00
FB8986F0
FD54C840
005B2BC0
0180AF20
FCE4E640
FFE62240
F599BE40
FD965270
F6A661B0
033FE560
F427EF60
005994A0
FE29CC60
FE626B30
FE8FADE0
026A7980
031B8BC0
FE250E10
F99D9620
FA849750
F9F695E0
FFDB4220
FB7A4690
029C34E0
FD3B9A90
FB272E60
F8E51A80
FDA4B710
FEEBE3D0
FC848640
01D4CD20
00F967A0
FD84ADA0
FD3C0B20
FE05D7B0
01DAB420
00FA3CC0
FE4683E0
0851E020
03339C40
FB11E6D0
00C09780
006B1AC0
052AD8E0
FF44DE00
03A4EAC0
02D4A0E0
04D7F500
FB3E4470
F8655E00
00A3F8A0
F89E16F0
FA9778B0
FF560900
FE416080
FC7091F0
FF1D47B0
FC5007F0
00A09060
FD612CE0
FB513390
FF648310
FF7241B0
00DA3180
FC453110
02297040
025E0660
00EF71E0
F940C0E0
FCB94E80
024CEE00
04EFAE40
F7F9DEA0
003B3E60
F935E220
FD3BEDB0
FF1DD6A0
FE0C0CF0
FD6B8AF0
F67E9780
FF6F8870
FE7B7B10
FF76E810
013D6B60
FF0ECF50
FB4452A0
FE0A16F0
03AA2160
FFA0BD00
0105A340
0517ADA0
008F6AE0
F8092980
F6F08F40
05DAAA80
FD055500
FD4644F0
011ED3C0
FC278A70
00735D00
00346080
FD6323E0
014F5C80
072A12C0
FB5EA4B0
007DAF60
03E9F3C0
FABA9B90
FCF1CB70
FF70D7B0
00BD9D40
FDB7EDE0
FB48E9A0
0076A780
FD970AF0
00A78820
0B36AC60
014C0080
01D42640
F9B3FE30
04737D80
FB429510
FF38E110
008A4B20
FC60B290
F50D2900
03222F60
FAE5ED90
01ABBA80
FD7A3EE0
FFDF4FE0
FBCE0050
FC62E150
FB8908B0
FF69D920
025E0AA0
FD1F2200
FEA0C3D0
FF989E50
FB436120
F997F850
008335C0
F81554A0
F96A0730
03DF91A0
FBCE9BB0
FBF16850
043AEAA0
FC7C3040
07754420
FA856DD0
F86D7EB0
FAE3F6C0
FF5CC700
FBA9E7B0
FC0B76C0
FC2986E0
FD63D4C0
FFA55440
007784E0
FA160380
FC1966A0
061B1DE0
FEAA26A0
FF16FB40
057942A0
01B7AA60
FEAAD3B0
F94DF6C0
F8D6D4B0
F61BE7A0
0472A720
05E9AF00
FE3BA9D0
00E52C00
FDF24530
FF16E8A0
029CCC80
0570E3C0
FF56DF20
FD31A950
02404C60
02D06020
FD526490
FE49EB20
00B87D80
0237F180
FAB4DB10
FB548D90
FF52BCE0
FF753E70
FC0E3070
0234FA60
04892480
F885ACF0
FDCC6FE0
038CAE00
003E6D60
088B0380
0379E5C0
FC48B0F0
F5C919C0
FC278140
FB8E3890
042B8100
FFC16270
05A5E9C0
FD00F910
00956FC0
0120F7E0
F4E88010
FFDF8030
FE698200
02285120
FCB92520
FF2D14A0
F6AFE030
FC28FE30
FEB6F100
01EBC3A0
FE1E3050
0095F6E0
FE17C140
00137620
007FBF80
02C01D80
FF5CB2B0
FD4882C0
F96EE230
F9852A10
FFAB52F0
042FC500
052B4D80
FBF42BB0
02BBCCC0
FD3E2B20
FEAEC240
FAA79860
0615AE80
FEA48CD0
015B59A0
F6C721C0
FFC7D1D0
FDC6B700
F61D2E40
FDE3EFA0
FF134960
FD86E6A0
FD884E40
009A8880
064CF220
FD4BEEC0
FFB5DE70
FADE6960
F9F5B9F0
01615D00
FF37CD40
FE0B37D0
00D199E0
FAFFF9F0
00CEFCC0
FB7A9DE0
FD963170
00194C40
FE6222A0
FADE3B00
01985460
FFA60230
02FA3700
F66D8180
FF879600
FDF04DD0
02235D60
02536F80
04E0A5A0
FC7A14B0
FFE19CE0
03D7AD00
0380BC60
FEFF7030
FC494470
021BC300
01BF1E40
F94426F0
00F4A1C0
FBC0F1C0
FEB25320
009A1B00
03F99080
FC69FCD0
FCE79400
06A0B5E0
FC990AA0
FD8FEA20
F8795480
F58697C0
011102E0
FE8E9AB0
FE607740
0A331480
FD39C000
FF1515F0
FCDAC960
087B3580
0451BD40
04C9AD40
00295FE0
00D9A780
FDDAEF40
F9C46B20
006ED8A0
FC414BF0
FC05DCF0
FB0A8320
FAEA75E0
057E7360
034B6860
FEE77050
0630EA20
F853A190
FD0C3EB0
00250DE0
FDDF0490
09F934A0
03D71F80
02CACEA0
F9BB5770
01689BC0
FB3F0C00
FFAFED00
FB817DE0
014447C0
02438840
FF0C2070
01164660
FF1A4B90
FEF08700
07B1E940
FFB47F70
001243E0
004600C0
F8B2B810
026D1420
FCC59170
F68F8A50
FE789B60
FA9161D0
FFCB8F70
FC34B4D0
FE9E8820
FFB3C040
023AFF00
029D0160
05E87F00
FD6386E0
FB63F490
FB5AB220
FB0E5570
FF598A00
FB783520
FFBDAA00
FBE1F5F0
039296C0
F7F2D580
FF5745A0
0412C720
0273F380
FEC73A40
0485E160
FE9854D0
FFCDE770
FC9AD660
F8CBA840
03CCDCC0
FAEAA130
FF851D40
FE2DEAE0
F98DFB80
FA841750
FB8B96A0
000D27A0
016EFF00
FCAF67C0
05C9D340
071EB9A0
F6C65560
F9DDD990
042D5180
F8D7E720
03C9F780
00C392C0
044BA740
FCCA8450
FF8B0490
FCF720B0
07479F20
041FCF80
FDFD0B30
0155C520
FD480870
045B6860
0261DDC0
034BC5E0
02F55200
06BDA4C0
F9345BC0
FA28B330
FA88C520
FCFA1ED0
03776100
FACB09E0
FBFC1D90
06130560
0225D2E0
024D68E0
FE85A820
FF6822D0
F9C12780
02624980
03735B80
02424280
FA47F190
FDC2B280
F8EBF280
FDEB1310
FF9252C0
FCE620B0
027918C0
FE030320
FC3C79C0
FFEC4AB0
05E96800
FE3BA4A0
02248C20
0627A160
FA928430
FE45CA40
FA93D090
FE6016E0
FE63CBC0
FF170D00
FA116D10
FBD49FC0
FDF77160
F8CA8730
FF6DB590
F8D1FCE0
01112900
FCBA5B80
FF0E5CB0
FD0B5500
00F26A20
F714B370
00A6C080
FED54D00
00226960
02267C00
FFAEF8D0
0166DF80
F63C6540
F8556070
FF48E530
0165F120
06D64360
02C849A0
FC32B6F0
026D28C0
FF0E13A0
01F0CC60
F7C9CA80
FE9FB250
FB26D440
00371860
038EBF80
044DC3A0
04116A60
FB093BE0
FF31F2E0
FDB538D0
FEBE96A0
04B9A4A0
FEA8ED30
FCAC69B0
06471F20
FEAF1450
FA920860
FA137C60
F920F110
FBF63300
FB9B65E0
FDBB20F0
F9860300
00E53B80
FA9C5DE0
FB730720
02963F40
00048D00
00439E00
01770220
FA32EF30
0132CB20
FF510960
03A2CD20
011D6180
09FE4020
FFD06990
FCCAB6E0
F6A98A30
FD1DE500
FA5632E0
03A3F300
00244BE0
FCFB90E0
007C5AA0
05244B60
014A4100
FE666080
02927D20
FD1D3270
FF7B7BB0
01055B20
01DD3F60
FEE9D7D0
FC204930
FA377740
FD648D40
FFDEA630
FA60A0D0
FD516750
FDE71CD0
06155E20
FF75E990
FE9E9860
FCBBEAB0
0120AFC0
F8607EE0
FCD17B00
FA4B2CE0
FE8FBA70
FDDBFDD0
02FB97A0
041F5740
03160A40
FF6745C0
FD0506E0
02BB2EE0
FC327650
0438DAA0
01F249A0
F8E6B7B0
024CBEA0
04E71C80
FB1EC620
FF650220
FF442E60
FFC98A80
FF72A7A0
0552F040
FF7E7AD0
003A2BE0
FCC375B0
025C2900
01D86260
FD8FA790
FBC11BE0
00677DC0
F876E560
FFF57660
FA849580
0782A6A0
FCCC2F50
F80149D0
FEE9E520
FDD0C700
0238DD80
FDCD0870
F9C44930
FD84EF20
FDDAA330
FBC52830
FF285FF0
FA3A3C90
01B06860
FE0BD7C0
FDF403C0
FF7C15C0
FACD2060
0161E240
03C2B0A0
053F8BE0
FD3FF990
04679100
02E324C0
FDFB0A30
FEE6C360
FC2A7F70
FEE3D070
FF1B5000
FBC6E230
0548B440
00695840
017D7B20
03345F40
F9A44A40
009BE5C0
01AF6920
FA56FFB0
FB315E30
02DA5BE0
0297AC20
FE942FF0
081E0EE0
FC3B6C70
04FAE260
FCAD19E0
FFFBDB50
005E7DA0
00A9B6E0
FDA03220
FD4FAF10
035C5AA0
024EB920
02D53CE0
FE397BC0
028B3520
0319B440
02151040
F804F860
F886F190
F9780470
FC64E870
06DA4760
069726E0
0151E660
F9E69E50
FECFD150
0170AF60
00EC0800
0258C740
FE14D710
FBA90D00
FB6D5230
FDFEB100
FD820280
002724C0
FAF7A2D0
002FABE0
02957660
F8DE62E0
FD9F2BD0
FEEC0460
FE228930
05860640
FE5EB8E0
00247B60
004BC880
01589100
FF871F80
FF4FF930
FEB3B2C0
0381A800
FD5F78F0
FFA90320
FD5DBCD0
FD4AF1A0
0159DBC0
FCD2D480
FD74A6F0
051AA260
FE92FE00
03EC8340
014FEC20
05744120
0522E420
0066C7E0
FDEA8040
F5C42FD0
006B1860
FCB0F8E0
FAF29330
050A6AA0
014E82A0
FEDF79D0
02EE9E60
FB4F3C00
FEEEFFE0
01661D00
087F3F80
01675380
FF7EA170
FCB8F890
FEDDD450
FF3C9950
FC490F10
013143E0
056E3DC0
FD37F9D0
FB726900
00594CA0
FF1AB050
00A25C20
FF53C600
01385880
022BC160
FA8BBD90
01A48960
042286C0
048848E0
0385D760
039669C0
FCB32170
01E16F80
049514A0
FE848310
FE7C3490
010DA100
F992F8A0
05479420
006B4140
F979BDF0
FCA45B70
FFF3CE60
FBB58C90
FB3272B0
01C227E0
F90DA0F0
F9B733F0
0549E560
FDC9FB80
FEEB7330
F690E040
FEA819A0
00ABD5E0
FC286500
FBD41CC0
FEF85340
026C0F60
F7697220
03DAF900
00DBF5A0
02448960
FED7AD20
03D07440
FDDFE740
03B1F0A0
00FFB820
FDFC1420
FC22A6D0
02950AC0
072CCAE0
02767BE0
007FAC20
011F0620
FE150C50
037A7800
F598D3B0
07C4CF80
03F38900
009C6380
01D132E0
FC3A32C0
00BD2020
F3663E50
FEE03B90
FD534B70
FFC7EF90
FE145520
FBDBD700
FAADEEB0
FB8191E0
FE4C8EF0
FBDBA200
F5C9DE00
001CE500
FE15FA70
00B67700
0373AD60
0247F820
FDBA0CD0
0087A440
FA47DA60
FF30C950
FE70D340
03C2B660
FCD90910
FD105950
0131B180
022E2420
FD77F520
FE866DD0
00010960
FFD4A260
038AF3E0
FD103570
00BE48E0
07B63E20
F87F3BC0
02AFA680
F5512FA0
016540C0
FF578B40
FE7D2A40
050FC220
FF9ED9E0
FC4BA9C0
FBC263F0
02C94C60
02A1F340
FF4DFD20
FE4F4800
00C4EAC0
F9AFB440
FA013960
FC4A0200
04062360
FF082B70
FCC548B0
FDEB62B0
05857F40
05902DA0
FE108E10
F82826D0
FF61D270
0065F120
01E22620
04BCF940
04507BE0
FC6F5F60
FFC43180
032176E0
FEFA8160
F80C1F30
FC03CFF0
FCD578E0
00190A80
FB499060
FD028D90
FC8B7740
FCEB1B20
FDD6A4F0
01AFA200
F4549290
FEDF1F80
00CBB6C0
F8DFCC50
FE8EC050
FF364D20
FF20B210
01610340
F6A22070
FFD91870
FE119F90
02E88360
05EAE800
032808C0
01FBC960
F5EC4B10
F98CF030
01C99780
052C2DA0
06D59E20
00C3FD20
021753A0
FA151100
FD8CAD40
04E32780
FC8E37B0
FBC3A370
FE7E6550
FA19F190
FA077600
FC6E23A0
FEFF0210
FBF9D820
FA783D80
00585C40
FD7E4850
03FE5600
FEEBEE00
FC6DB1D0
FA7CE780
03218440
FDFBF6F0
FEF5B770
FBE382E0
FD8DF110
006581C0
FFF743F0
FC497610
FB0104C0
00260700
FB117340
05FC3BE0
FE0768C0
0570C960
FC63F020
FB95B800
F9413560
F88DCC60
FE6F16C0
04C894C0
FBEF21D0
FFF9BD20
01DF6360
FCABD630
FC08AD90
FCA0B3B0
FF3222A0
00DF01C0
FDFC7BB0
0775D680
F9F0EEB0
FC898100
FBCD4120
FE26CEC0
FD56D4D0
0B977BA0
FBC631C0
01E2A2A0
06A74420
00942780
004AC160
023DF440
01A7CF00
052D0D80
F8E56C70
FFD2AE70
029906A0
F69D7AD0
03277960
FE3F79B0
FEB053B0
FEE76930
FCFB0120
0062BC20
FF250510
023888C0
01241360
FAE0BDE0
FF771750
FE971620
FCAE0FF0
025B38A0
FCEE39D0
002B3020
FC339C30
009398A0
FC151B00
FA9902D0
041194E0
FB3A18C0
FCE78610
0219CD40
04263140
FF4AEE80
FFC8EEA0
FBA10210
FF22E410
FEDF20B0
FDFEBAB0
051D73E0
FDB7B7F0
FB659EB0
FC811A10
03BDB2C0
FB0EF3D0
FFD7D890
FEAEB690
04858A40
FF5FAC10
03473DE0
FC9F9050
0364C660
FDFA2240
0386BEC0
FACCDC70
FE69BB20
01D3A820
FFC060B0
0181A040
02D54F40
0624E3C0
046D1BE0
FE77F380
FD1F6250
FAFDBBE0
FCB378C0
00B1DD60
FD916D70
FE0CB6C0
0551E240
022EA720
01522460
019836E0
FEFE4D10
055F8900
02908280
F81B9F70
03DEA0E0
FCEF8BD0
FC27B780
00436F40
FBDAA2D0
03D2ED00
FE04F590
FC3A3F50
FEA25B50
F9F449C0
F9894710
037984C0
01CE7480
FF6981D0
0068C1E0
FED112D0
FECC0AD0
0435AEC0
FC214FD0
FA625D90
FE35C8A0
01806340
FF22F790
028CE140
FFE8D880
01531B20
FF1C1A40
FE2B0F10
FDC73D30
FBD8A550
FDFA69A0
01C52D60
FA6F5600
FC4DC870
F7FDBDE0
FF5AACD0
01F39DA0
FCDC8380
F9D8A0A0
FF4BB540
FE0F06E0
FF625D20
FD8C3C80
FC348D70
014F67E0
FF805200
FA43F290
F5B1BDE0
FEA97800
F6796FF0
0406CBA0
0504C1E0
0DED2140
0155BF40
002886C0
034E3EE0
FE7063C0
F9E2EF70
FFFD9AE0
F7A25300
FFB26620
FDEDF6E0
040BEBC0
FF0FA550
FBD81B30
FE5D2870
FC4180D0
027A14A0
01569A00
0365A120
FF4A7E50
029E9DC0
F9043900
FB0A6A30
050FF580
FDD72370
007A42E0
02CCE1E0
009F4520
043905E0
FBB0BF70
FDFA6640
FDA78D30
02665A80
FD8F3A60
FD00AC00
051D7F60
00995520
FE1D4F20
05C3EA40
FEDC7210
01DB4D60
FEA613E0
FA53B970
0211B0A0
FB5E3310
FF0D5C40
F5EA0CA0
0010E140
FE0337C0
FC27FB10
FD2CB1D0
FFD4F1D0
FD1AAA60
00EA0320
FC9DA3E0
04848520
FBD0A0C0
FB67BB20
FC9812B0
01E149E0
FDDFA9E0
04293340
068AC200
001B3FC0
04B1A440
FFEACEF0
FFFF35B0
FE6F0AB0
01DA7520
FD8396D0
F7C17D80
FD3A3C90
F9C250F0
F7FF2F00
FD1F5F70
F7E0AB60
03F738E0
FAC7C8E0
FD3B93A0
F6510160
06C652A0
01319DE0
FE9D49B0
0231FCC0
02A044A0
0AABED80
FDBDF2C0
FC3E0130
FD7C4160
FFE40670
055814C0
042D4360
FB118890
01812A60
FE949E60
FDE6D370
FD69CC00
FDB23F10
FD73DA00
06F41940
FEA0B7C0
FEA0CF70
02FE8680
0163BBA0
FA4A68C0
03C8EB20
01D4F100
FF627720
FC751730
FB4A1770
0615CC60
FEACB3E0
038E6E40
FCDD3AD0
FEA55030
02EC8580
01B4F900
023ECCA0
FEFB0AC0
FC4C0010
F931EB70
F8DA6460
076DBB80
FEDFF250
FF3FDE10
03D16A40
01A76040
024BEE00
FA4B6900
02DAAB20
F826EBF0
FC64C0A0
FF05D7A0
05F960C0
FB0F9B50
02DF80A0
FFCC27F0
FE81C390
FF7BECC0
FED36070
F608C6C0
FB4335E0
011988E0
013D9D00
FC5F04D0
05AE3500
FEF647B0
03F5FE20
FFBBF8E0
086E13C0
FEE6FB10
FE9FE690
01BF9F00
FC457BC0
FCD94800
FBC88B10
037F2F40
0A8F6740
044C5380
0723E0A0
FF6B8E30
FF740620
FB4F2660
FB1C9A00
F7E76840
01EA4A60
FB4C2F00
0089EA20
06447F80
FEDB5EE0
FB1DF030
0085C700
05B92D20
FE5179D0
00A2F0E0
FE888980
04FA4040
FC6B4750
00AF8020
F9B49B20
FF9D6BE0
FB3FC760
FDEB6150
FFC5F080
FFBA8620
043AA9E0
FF121670
F7B0DF20
04ADE740
F64AD2A0
03130F20
FE55A0A0
FF9B2320
F7B426E0
FFEB8740
F7171060
FBC6EA30
FE34DDE0
FD97ABE0
FE717950
FFD9A2F0
063CB720
FFA29650
05560140
FD60BBB0
06C0A760
02F305C0
000668E0
FF89BF00
029428E0
FB812090
017E93E0
020EF220
FE644330
FDE87970
FA146BD0
FC2B2970
FF4A27B0
F94B7BA0
FA271CB0
F9F52330
F9A84CB0
FEB95380
FD8A1BD0
FBCBE1F0
FE82E1F0
FA9DAE10
03010040
00426540
FE2D4A30
00C97560
FF252A70
043EB480
00E26FC0
FC97C610
02637D40
FDC90C50
016BD260
FA0D29C0
F9977470
04CCD400
FCB4E170
0018A820
030B13C0
01B97080
03B53EA0
FA0B5E10
F90C2660
02B48CA0
04301D20
01CBFA20
018EC100
033199A0
0235F100
FE0F1BA0
FB85D410
FFF97740
004050A0
01CD47A0
FEF76200
FDB944C0
F64A3680
FF8FFF30
FB453230
02E8E1E0
FDF1C310
08F09560
FD1CE2D0
055FC860
0110F580
04CFBE60
F8D7FF20
00AFE680
025CBD60
FC4A3020
FC564D00
FC610C00
044D2340
F78A2B60
FD499570
FB13FA40
FE43DC50
002654C0
FFACA8F0
FF3794D0
FDFE3A50
FBFE8600
02A3E500
02A7F920
01922500
01C2BCC0
032C9880
F38C3550
FB72F5B0
FF191D70
08953B20
021451A0
F9FA9FC0
04186340
FE6F85B0
00F5E900
047C8BC0
FF81FBD0
FBF96D70
0488A420
FFFF3870
F35AB160
FD199980
FA320190
FEA84B60
0279CAA0
009954E0
FE6740F0
00181EE0
FA1E20F0
FCE592B0
00EE1520
FC0E5BC0
F83AE160
031C98A0
FEF248A0
FE554C80
FFDAB310
012FF080
03970E60
FB699F00
02444900
018576E0
07E10FA0
FF5E09B0
03931160
FE675EF0
009C8900
F7770930
F9353D10
FA9138D0
F8988CE0
FDA60640
005CBD80
01C6A820
FAC96BB0
056D41E0
F9C75170
FF12D410
FE5DEC90
FDF03D80
FC035950
03C0F280
FC20B810
000D0620
FA6A47B0
020AED60
FA7EE1D0
01BDECA0
FF2A0360
010D7DC0
FFEC5140
06D0BD80
FC9B1160
049A5140
FC587BD0
FA51F5B0
FAF35030
F7DE8DC0
FCAFE6B0
003CFE40
FD1E9760
04D36B80
FA0C49D0
FFEBC2A0
FA602010
FB19A320
FE2DC0F0
FE5FC180
FEA6BD50
08274B20
008B5840
FFEC30F0
F9C19C50
05CF5C80
FF28B540
F7A66180
01520CC0
FFB705E0
004AFAA0
016A2420
027D97E0
FF9A5490
030A0940
04149920
08376440
F7F31700
FD918F40
00D5CB20
FDCCAB50
02C5DC40
FFD55340
02D314C0
0958B100
FC8BA450
FE085430
FEC2F5D0
FD190E50
FC8C79C0
FE896A70
016BF880
00A63800
FDE602A0
01AED300
FA807BD0
0171BE00
FA24ADE0
04901100
FB6D70A0
FF0EEC00
FF2844C0
0124BC40
FB8888A0
0493D860
038518E0
02510940
008731E0
039B8A60
FA4F7420
023469C0
FAC16F70
F6C8A670
FE536940
0598C0C0
06B71680
FAD1C3C0
043B92A0
F61DCFD0
F8793260
FB25FC90
FF2A5300
F8B69B60
02110080
08DFCE20
FEAC8690
050B4440
05C4D240
FD490C70
F7A55C90
FFEF4440
09375520
007C53E0
FECBCFD0
FDBDFA40
02ACB3A0
FFB52330
0497A960
FA01B4B0
FF42F5C0
FDC9C0F0
FF7BD860
01E10FA0
03464260
FC560280
FFE276E0
03854480
008659A0
FB1FC0E0
FD6A8540
FC3B06C0
01BC52A0
FE1AF7B0
FA0997E0
00762660
FB290D80
03260820
FCC9FA30
04FA1AA0
051BAE60
04D140A0
0435DCE0
02D9EFE0
033C2500
006F4AC0
0309B0E0
033C5260
05330500
02124D60
01780640
09BCA600
03BEF040
FA1707B0
FCEE3CF0
FF7B2510
014B0FE0
02481F80
FE2CE8A0
FFC71C90
FE7902F0
FDBB49E0
FF790430
F68AE140
FE6F1B90
FEF5CAA0
FE32E360
04A237A0
02809FC0
021B2760
00AC66A0
0388A5A0
F84940B0
02243620
F67253E0
03168960
008889E0
04A8C9A0
02C93940
02EF0160
FC35A370
FEC2D710
FC873C90
FD410240
FEC4D8F0
035C1F60
FEF14670
FCA7EB60
F83901D0
0100C3E0
FC6C11A0
047674E0
F8F4F2B0
053C2F00
016DD940
0068C7E0
FB5A2640
028D12E0
03D437C0
FD127110
073E3980
FD239DB0
F9E0A310
015CC380
FE5ED770
02288600
FE3BA8A0
F8E74460
F84665F0
FF07A1A0
F8B2FA20
FF37C000
F8183020
F6E90580
F7DB7C80
0024D9E0
FCD1B3E0
039311A0
044E0A00
00AEC880
03ADEB20
0700D060
FFD17630
FFACBE80
00375C20
03E9C5C0
016C1260
036DD0E0
FF872CB0
01D6CC80
FD535D50
FBE86330
030EB6C0
FAABA3F0
01FED6E0
036398C0
05C2B2C0
FE6A9AB0
0188C440
05E36E40
FC25F670
090FB8C0
F7E5CF20
FAF7A1D0
FF34FEC0
F7511520
FA45CC70
F81C4B10
06784A20
FA3077D0
03532840
FC36E6E0
0227BC80
FFF1B130
05DFFB00
049F2000
01AA11E0
FD9ECCE0
F85C8790
021E0300
01296E00
FE5945E0
F9B69C60
0624C040
00D67540
01B30C20
00375D40
FDC09CB0
FBF1C160
FF36F5B0
FBDDA980
01825700
FA6F2880
01172720
F73DAF60
FE0BD110
02E42E80
F4EE4940
021D7DC0
01313660
F86901B0
FCC30000
F9B84890
01572200
FDBDFFD0
FF640B70
F9A621F0
FE37A0B0
018B8A80
FC09ACA0
FBB4B120
02518400
004BA300
F9B53AC0
02445520
03188FC0
FE582A40
0259BFE0
FED27710
01F9D480
FA7B4960
FC21F0D0
FFCD3120
FFA39F90
01BA0000
FB472420
04A9A200
FB643160
FD88B240
FD459DC0
01CFDFC0
FE5AA880
00E849C0
FC05A100
06B224A0
022890E0
0072FD00
FE331130
01C1EE40
03EB4840
0124E700
00B63A40
FB178370
FC193B10
02A859C0
FAC39200
FE027BB0
0384A2E0
0026D380
FDDF8B20
02A39000
FDD98F30
03BBF500
FFB09700
FD7F8CD0
FF704AA0
FBE2E040
00602CC0
022D9120
FD733290
FB2E5DB0
FAB4CDA0
FD4F0E20
FD48D180
015B5520
003CBEC0
FCCADF10
FE05D880
012E1920
FE12ECA0
FF30D550
F9A13FC0
FBBDA470
F887B5A0
00781AE0
FA195CE0
FB5D1DC0
005EA640
0128FF60
FCBF2C50
F9AFF490
087E7E20
FCCAD4B0
F59179D0
FCEF00E0
0411A960
FCC47E30
0027AAA0
F8878BD0
01F47FC0
FBCD0EF0
016E4F00
F3269830
F8C2FB80
FC48C7F0
00CCEC20
04D5F880
FCF4B5F0
FCA8DF90
02893E80
039E8DC0
FA87A460
013E4020
FCC8B930
00885BE0
08987240
FFFB60D0
FB6BE060
FFA02F40
057FE300
F7479660
F9D91B10
024CE900
FFDA8CD0
FF49DA90
FCAEB4B0
04F18360
048663E0
01828240
FB91A710
FC7BD980
FBC99780
FC598700
016203E0
FEB6DE30
FF2B1B10
003655A0
F925B660
FF98CBD0
FF0E1420
FC5163D0
022D7160
FEC76E90
01E90A20
F7238980
01513BA0
FDF8D280
FEB52D10
F6802560
FF707260
FAF6A4F0
01914A40
0859D7C0
017E6000
FE905380
00054AA0
FE455090
FC2126E0
015C0280
02A2C720
FF8A4A70
F7843740
FD567AF0
011F0AA0
FA644830
FDB465A0
0300D520
FE234410
FDD6A5F0
01543580
FF1F3730
0117EFC0
FF24FB00
FF096130
0272DA80
FABAD1A0
0200A620
04982AA0
04571140
F639C880
013549E0
FA8C0C60
060D4180
FC9A96A0
01C5B880
01BD65A0
FD31BA90
FCB8F940
F81C6FC0
00F77060
02E05700
FC328540
FAF53EE0
00520520
00AC0D60
002B1FC0
FF11EF50
01E1D480
F63D1160
FD5644E0
FC943EC0
FF62DFA0
028475C0
FA789550
01A9AE00
00027B40
03678980
FEB739F0
021E8A00
00DA3FC0
FEFE6EA0
01DA00A0
FF7CDAB0
FFEAFA20
F8314DF0
F7014640
FB17AD90
FD44D370
FE210EC0
FBB162B0
FD2FEFB0
FB583690
F90E3B70
FF986570
F98FA5C0
0021FBE0
FE0B6990
FB23FC80
02CA4F80
05ABE4E0
03EB02E0
FC428510
FFB0A660
FCAA3980
FE3E4CD0
FF664A90
FEC45550
FB4FFFB0
FCA63FD0
FD2BB370
F96F7D70
021A5500
09CCCEE0
FCDB0D70
FD001780
FCDB9DC0
02E81660
FF648030
FF1F14A0
FBC0CB30
00485300
05763440
F607D670
0318B9A0
F7080EA0
042A8820
FF7E7E90
0350B5C0
FAE3EAE0
FC1DC9F0
00C53100
F7248F20
029C9EE0
0520B140
FC042250
FE769E60
FCB7EAA0
FD7CD7D0
01561C00
FDA2FB80
FDB336C0
FC22BDE0
011AB360
02F3F7A0
0192D240
05D9DF60
023B7300
014AA1A0
FC486780
FB512070
05759680
FB18FF40
FF1D9AB0
F8279600
001D9840
031A8440
0099B1A0
F93CFD90
FFC05E30
FE674F90
FA7569D0
FED8AE00
FF5B20D0
0C35AB60
FFC12420
FC588A90
F9948200
FED69570
067D4CC0
F5A3CF20
FB3EF0A0
00BFECE0
FEA66380
010D9020
016CD300
005B75E0
FE8261F0
001C80C0
03065BC0
029EFA60
FD8AAE30
F8BFD730
FDAFBBC0
FECF2C80
0136B620
FFC9D2D0
0122BBE0
FB1CB6B0
01B60B40
0653FB20
FD8A29A0
FE129E10
04626080
01164360
02E57020
FDDF30D0
0015CA20
007414E0
FED8F530
04FA2360
FE90B1F0
00F66960
026F9B40
FC6A24B0
FF7A1D10
FA4B6B70
00129980
FBB2F950
F9CCFB00
FB68ABF0
FCEDD410
FBFDEFF0
04994700
FEF4A600
FDAEEA10
012B0CC0
FF1BCD30
FEAA8E20
04120020
009D0A80
01E626A0
F8C1E270
FFCB4170
FF463C90
00D311C0
F5A67210
047C4A20
FBDB8650
01DE9C00
FBD6B7C0
FE697950
FC0E2D50
0723C9A0
044E5080
04B16300
0248ED40
02AD7820
FD388420
FD4FFBF0
03485480
FA637B40
003BE7E0
FECAB4C0
FEE5A8D0
00B1C8A0
FFD7EF30
067997A0
F6ABCF40
FB67D480
FD9C6C90
008648A0
FA77D480
FF9A7020
FEB955E0
F9DD07D0
FFA5B7B0
FC271720
FC9FBDA0
01709520
FCB052C0
FE7BFBD0
0000BB60
01254860
FD792360
FA99D9E0
0253E640
FEF9BBF0
0111FA20
F8AACFE0
FA4B4BD0
031BC120
FC7FFFC0
FD3490A0
FC439740
F9293BF0
FDAC14D0
00445600
017BAD40
FFA32BB0
011A78A0
FB644C50
00D573A0
FA0473B0
FFD23C10
01072100
FF2F7DF0
FAFCBA50
03AEA6E0
01C3CD00
FAC688A0
FFE15A30
FC72E520
FD97C1E0
FFD3E300
027236C0
07F4CAC0
F743B3E0
FD784970
FFDF4D70
030FD580
F757CAE0
FB39D5D0
04F3BB80
FBC1D950
FC9F6C80
0B2A77C0
FF4998E0
02C55080
FD899920
00B84F00
FD13DA00
0662B400
FBC4AF60
009B5920
03FDAD20
064064C0
04F5F500
FF462480
FD653BD0
FB29B080
F75B90F0
FFB630F0
FD1DB430
0008F940
058A9680
02939520
FAA85F70
F910E2B0
02A70B80
02A39700
00D97E80
FF9400A0
FECC1FE0
003DAEA0
FD4C7290
F94A8730
FE745BF0
FAE81FD0
016989A0
020A84E0
FDCE2070
FA6D78C0
005A1FC0
FA75F520
0153F5E0
F6D9A030
030F6260
076FD2E0
03023720
FF0821D0
002DD4A0
FC6C7840
FC6CD730
FBEBD2D0
FF91D800
FC6367E0
FFEE9580
013DE060
FC963DE0
FF3061A0
009145E0
F974B050
F90C0F90
FE81DD40
09816A20
00302B60
FE7D0380
FF8A2520
0570B5C0
FA4B5D40
0252C4E0
FC4C9370
0217F540
FF9C7E70
078CE940
0305B840
FDDE85E0
FBE1DFE0
FDBE9910
FBC238D0
007018C0
076AA500
F64D7BC0
02A7F9C0
F89A9480
FE2C40C0
F63FD560
FCF534F0
FE0434C0
FFB5DF00
FF1838D0
FE5A6190
02B0A280
FCB24730
FEBA8E30
004C92A0
02904EE0
003FEDA0
05F07D20
FB695580
01B342A0
FCDD42A0
FC30AE40
F73F9060
FB6B4FC0
FBBE3C70
01430160
02874280
FDBBC650
FCA8C530
FD761C30
0229A640
FEB6FD20
FC42C980
FF5C70E0
05B611C0
03557500
FEF928A0
03F16DC0
FF3B54A0
FA46BDC0
02089C00
00AB31A0
FC49EBE0
F9452920
006B3260
FFD35230
FE7376C0
FD112600
FD3AF580
03C755E0
F72830A0
01F584C0
010FAAA0
F99C7B60
FD6E2D30
FE1E82E0
FB064C40
FCEB7D40
007511E0
033B59C0
09214280
048C1760
F9BBCD80
032802E0
FF630C40
FD4A5810
FC13B100
FB5CE600
FEC53450
FAF58620
FF3A8500
FF6A7250
FF82DB20
04A4DC60
FC5DA4A0
FD6F9910
03975000
FCEBF130
02D93FC0
01DD9360
FFB3C300
057E9B60
01DE9D60
0651A700
FEC6FD30
02AF5380
047FFD20
FC89C6E0
F72D3720
01638720
FBE47460
064598A0
F92EA270
01158B00
FBC9C790
FCC05660
026F7E80
FCD15470
01618740
FEBBC770
03F8A840
05C6B620
F77DF3C0
FE03B270
FEF97940
01A23120
008B41E0
FDBAEF50
FDC46800
0097C880
0032BAE0
066F3400
FF264610
03535540
FDCE6470
FABF4010
FD191C50
FD6F53E0
F8B31CA0
02086A60
001859A0
FA4715D0
FA849F70
00F8B8A0
0642ECC0
01BDD4C0
01326CA0
010FDEE0
FFC8D360
FF372E60
FCFE1730
003FB560
F8D22130
003A6CE0
02E97820
FEBECEB0
06D7DDE0
FB86CD10
FFFF8FD0
FE2036D0
037DCF40
028FD820
FC4ECA70
FE218DF0
F98639B0
FD9A5270
FFF6ECE0
0471D1A0
FE019110
FE4FF4C0
FF2519D0
FFA70B30
007DDF60
021BE060
06D8E960
F7F2E5E0
F915D200
00145AA0
FFC087E0
01EE9C40
FD2A9EE0
FF7493B0
FE3732C0
FEC2DDD0
00B35AA0
04295880
FE7B15C0
FEDCC140
FF98E350
0473E980
02856140
FE957130
FC970610
FC511FF0
FCDE2970
0064FD40
03B79760
FD7904A0
F3B009C0
00590740
04CAD400
FFB8AF50
017E4300
05DF52A0
03DC5100
FD074380
F8AC8050
FC823540
FE8C5170
00404EE0
FFB63F20
FEFFA240
078E1B40
FEBFC270
0516EBC0
F8A847E0
FD703240
FE195460
02596020
03361DC0
F944EF50
FE477F70
005AE0A0
FF643560
FA6818C0
F48CA900
FB7A07D0
007BA560
06C5F920
FE6FB210
007F7380
FDCEE190
FF5E40D0
06233CA0
02507F00
FAD49940
FD192480
FCED00C0
054DC0C0
FAFE8A70
FF5C0490
01E6C3A0
028215E0
056B4BE0
FE4B45D0
FD3E7290
FEAD3B30
FE8D50C0
FA3CEA90
0156C320
FE36A9B0
02661E60
F8E6C4E0
003FA9E0
04602E40
FF9A20A0
010D4B80
FF47E010
02F2D520
016E1400
FB465150
FF13A890
FABCE7A0
FE36C880
03EA4240
FDD40200
FAEBA4E0
079A0B80
01324620
FE77B770
FE92EA50
05DAEAC0
037611C0
FC1D81C0
01D2F8E0
0125F6E0
0022A780
FD6B97B0
FCE99230
FC16B970
FE896EB0
FE36DFB0
00CE3180
FE7C2FD0
F9E207C0
FE340250
FFDA4360
FEEBA190
01C134E0
0233F8E0
FF392C00
066DB860
02DF8040
02CD0260
FD6EFF60
0226F320
FD834C80
042FD980
029F10E0
F6C2DD60
FEDD6D70
002A65A0
019B06E0
FD43F4A0
02D8C020
021508C0
01C6B500
F4717920
FDF25770
064ED8A0
FE42D250
02EDCB40
075C3A80
F8CC7950
F43BA800
059EC160
FE2C8EF0
0246F3C0
02701620
F8B71DF0
FD2BC370
003C6F60
0312A580
F8104D60
FE90ADB0
023449C0
FB1215E0
FF1DC100
058B9B20
FC8ABD60
FF71FE40
FC5EA110
09D17F40
F79FEE80
FDBE6060
00CC04A0
FDE449C0
FE48B150
04491900
F955EE90
FC9747D0
FDC931A0
FBA3EEC0
038223C0
FF979DB0
018AA380
00414000
00878000
FB641980
03ED6200
FDB9A710
F9A305D0
047B9BC0
01E1B1A0
0683AB40
08DE14C0
00AC1A40
FB70CC30
06796A00
0561B1E0
02FA6280
014C1DC0
F90FD6A0
01F79840
06AE0FC0
FE29DE30
008CC320
FFC6B4A0
FE5E2770
FF7E9DB0
FBEE7150
01670660
04F53E20
FCDE54C0
002C7380
02863860
02395400
FB3023F0
00083140
01750980
FC5D2D40
01C0A5A0
FA104930
023EB840
05B19120
FEAD34C0
03437B00
FC3E7980
FB43C360
FF146380
065E8F20
03FEC000
046128A0
FE801FE0
00887980
FBCFE290
FFA4B820
00B91A60
FD37ED60
0262C060
F76D86C0
FD811DD0
05D40FE0
0A9D5B80
FA52ED10
0427BB40
FEE58860
FDC9B4A0
FF95DD70
01401D80
01305600
017811C0
FFC0A9A0
0574E520
041BD260
FFAFEE80
00D17400
FCB11060
01552140
F62E39C0
FB931300
FD890FD0
01F68C00
FE8AE680
FABECEA0
FA7DF430
009B72C0
FF848D20
F8E91F20
FE06F5A0
02BD9E80
FF193F70
0608AD00
F34197E0
FDB45C20
FDD35A00
FEE86A20
FFD59400
FC5577F0
01327460
FAB797A0
049D7220
004FE7A0
06BD9100
FE9888D0
00BED5E0
04312CC0
FD9F81F0
05A14420
00D3E000
07E10C60
FAD7E900
053CFCC0
FE6A3DD0
0307A560
0207E080
FB44A290
FBC87540
FBDD5320
FAE50020
FE1FF720
FB7819B0
011B0960
FCF47B30
0C312720
FF274CB0
02148500
F5B4FC10
01C9C1C0
F6676780
FD0170F0
FDD688D0
01B761A0
080F7980
FBCC9D30
FD0A6EF0
F956C220
029DE320
F8ED9EB0
017B4E60
FE40A0F0
FDC8B890
0501A8E0
081A79C0
FB748940
F8957150
0339FEC0
FA23E0B0
FCBE71C0
02C19D60
0054CE20
00F546A0
FBFE15E0
FFA783B0
03D99FC0
FF409FF0
FEC816A0
06E3A2E0
0078DB20
FE3702A0
FA59EE90
028B8C80
06A450E0
01B26E40
052F7AE0
000377C0
F6C4C7E0
01BEBDA0
FBC830B0
00A0CE60
FEE6BC90
F9CA0DF0
FCB1FAD0
FA1A32E0
0166D6C0
FD4E0260
FD089460
FF1066D0
026E6680
F96D9960
FDAF7230
006E80C0
01950000
F87BFE20
01A45F80
FAC1F670
05440680
FB4D48A0
047FC800
F9AAC780
FA9D4410
F9E57F70
0257A220
03CF5EC0
FF86F540
019EAA60
0797E380
01190F60
FD765BF0
012D0EC0
03DA3380
FDB2E030
F8904300
FA670F40
FD054E70
FEB086B0
F97CA870
FB198C00
FB170450
0100D520
FCC90A50
FF9C49D0
044A8AA0
005132E0
FF2948E0
026CE560
0343E680
F975FFE0
00C2E560
F813C840
02C0CC60
FC4340A0
FA844FD0
FA43E920
FC3CA4D0
047EC580
003E9640
F846D490
FBA480D0
F70D5220
FB53FEE0
FA48D660
00324CA0
00C1DBC0
FBE66E60
FDE228B0
F5B8F900
FBB4A0D0
00EE18E0
F9E881D0
FF830F30
FE714FC0
F9B93240
01AA4BE0
FD94A5B0
043C2C20
F9F372D0
FDDEFC40
F9EF0CE0
FFEC58B0
F8D0AA60
002A4380
FD91AE90
034E1220
FCC0F060
FB617CA0
FF3ED470
00FF3620
04B2AB80
FA718EC0
030E9B40
07095980
FF2D9D30
0293E800
FB88A250
00D0C680
002BECE0
03BEE4A0
048301E0
FF694A00
006BC080
FDE33210
FA531680
04047600
060A7DA0
059BD000
091E5E40
FDC4CF20
0219E2C0
05CE2D60
02839440
FEF67650
FBA0DC90
00C2EA60
03B901A0
075AD9E0
FCF0D460
FF6133B0
07D30280
FCCA4AA0
00FB6340
00806380
FEFAFF90
FDE19240
08E976E0
FDF08870
FEFFA050
FB5A05D0
027B8240
F7F8CFE0
FF8252A0
010BF380
FB0D5110
FAC0DF80
FBD8DE80
04285FE0
01AFF480
04BDD380
08FB5BC0
0120E0E0
FC993A70
0086CA00
FDDF5800
FD027890
FF42CDF0
FFD933B0
040F66A0
03537800
05495640
03FBC9A0
03E86A60
006CFF00
01081260
FE42F950
FEF651D0
FB389CD0
F815A9D0
FE94AF80
FA103940
FE123D90
FB2B41D0
F7054940
FE14C080
018A0A80
FB97D090
028D9E40
01FAC9E0
04938C80
0409D160
FFEC0D50
F93EF5B0
FF933600
FF5ED0A0
FC664970
F70EA3E0
F4078030
FE3A9700
FD1276B0
F63764A0
F984DE60
FF39BFA0
F9D99410
008DF240
FD4791B0
018AC040
FDF71300
F7515400
01021000
FF4C3820
F8068750
FE5B1460
0204BBE0
0771CE00
059D5960
02E42260
FC8326C0
00616DC0
FD31A280
FE9A81F0
F80D81D0
FAA15B80
00080880
FCC51020
FE457FA0
FB678030
F1508040
FDEF6F30
FFC90710
047A9A80
00F179E0
0CE917E0
FC1BE6B0
FB450B80
FE2D3440
FCF5B610
0A655840
F9A51960
04189FA0
FEB73520
04E03E20
FF63A440
00618920
FBB1CCA0
FFA56D70
0480AEC0
F96F7640
0936E260
FB3C3F80
035B6140
082DBDA0
031FE840
FAF23F90
039E23C0
042A9FE0
00A382C0
0381B5C0
F90B9AB0
F90F2580
FD32E060
FE8D9AC0
FDF5F750
00C5E920
FA2ADC30
FF37DFA0
FD3A9810
018DC740
FD970A20
00BC65E0
008CF440
FD203B40
FBECAAE0
FD8F6ED0
00119800
FD07D520
FB793210
FEF8E6E0
02A04220
FCD2A820
FF22EC10
FF073960
FEB5E1D0
FF47D140
085D2F00
FC34F770
FD931320
009D6AC0
04AC35A0
FDAE73E0
027C3E80
FF2C05C0
FAC3B9F0
FEDC5530
009F30E0
08F1F8E0
07336A00
02E3E120
FFF8A830
FD509EC0
F361FEC0
03744020
FD5F2F30
FF529B60
FB703B30
066E2640
FDF5CB40
FE293D30
FEB09E40
0477F620
FD47B8A0
02F5BAA0
FE8E9840
05765780
00706E00
0075C080
00B8DF20
F9BAEEA0
FFB6BA90
FFFA76E0
034465E0
01177340
01A97780
FE506090
001463A0
FC2EB880
01594BC0
FDC38930
03CD73A0
00DF3040
05E8CF20
F9FA0700
FE30DD50
FF3DCCD0
00470860
FFAAADD0
05214820
F9A49900
FE0712D0
02428260
007C8760
F992CEE0
05095CE0
FFA05CF0
FD67BB10
FD8BEA90
FC595D90
04615AE0
08435DA0
033607E0
035BF980
FB290290
FF014F60
03AAA4A0
FC3AD480
019F74C0
03B54140
FCC7B000
FE218910
FCFD9390
093CAFA0
FD2F9FD0
FA815280
FB8BE9F0
02B20620
01FFF620
03D79940
0418EB60
FA4CBE80
02979160
050C9C60
0201A3E0
FF4DDF80
FEBB2A30
022AD6C0
FCA6B480
FFACDFA0
0624BD60
0255E180
F8486060
0146A980
00680040
034E4920
F7EDDA70
060AC540
F92F1680
FCBC63F0
FB68A5A0
FD9DAB80
FE6CB0E0
00F6D6C0
003BC9A0
FB7C2D80
FC86E1A0
FE5A49C0
04040380
FC89FFC0
022AB560
FBBA95D0
FF152E70
07126A60
FD447CB0
FC900450
012C7D40
FABBD480
FF766F60
04648C80
FF58DFA0
0511DD00
FE583080
FEBB9670
FA213B60
079380C0
F8C2DB70
FDDD0900
FA163E60
084B4240
03775400
03B89D20
043CFA80
FE3C53C0
076FE060
FAF482A0
F4378790
001E5CE0
FF3A9510
F971DE40
FFBDBAD0
00615F00
076568E0
03243060
FE1D41D0
011B7000
01FB0720
03E427A0
FACC7FA0
FE6E96F0
F7509530
003FBB00
F6FAF600
FDC493F0
FC807440
01DE6F40
F8C19080
0212EEC0
01A197A0
0267B940
FE8BA580
FBC5FF10
FD1A8280
02C96B60
FD517D10
FEFE90F0
FDBF2380
03A7C2C0
FBF848D0
03890A40
F970B8E0
0517C520
FEAA1EF0
FF55DF40
00832000
FB937E40
FD9E2620
FF72CBB0
FC627650
FFD55780
F97BCAF0
F8F42BA0
FE6B14D0
F4D4BFC0
FD294750
044042C0
FDFDC9E0
FAA2DF50
FE2CFFA0
02026A40
02AA04A0
FC82A980
02396DC0
00DD3F20
FC6BC560
FF901980
FD00B700
FECAD890
F8EFF570
068119C0
FFA55BF0
040C76E0
008F1640
F72C4C60
FFE55490
FF73C020
002B58A0
FB434410
03A16640
FACCB8B0
F8C2E630
FBD28CC0
0169AC60
01ED8560
FAE608E0
FF758000
005E5BE0
FF2CED90
FF1CC530
03670680
FDD669B0
03B65160
FCB28DC0
FF529440
FBFDE630
02A99EA0
01F58B80
FC03B6E0
0418B3C0
02F0DDE0
01429080
03716BA0
FD4D0CC0
072DF180
0260B760
02E354A0
FDF01070
0ACF9D60
FE4184B0
FB92C120
FF7B45E0
FFB97A80
FEAE6730
00795940
00B0C0E0
FF448C60
03F19120
010B0E00
0495FA60
01EE01E0
FE621190
FB3E17A0
FC8E3980
05F6BFA0
0039E760
FA39A850
05BE8BA0
01706620
FBC4C9F0
09908500
05549500
FCFDD2A0
FCD950A0
01286160
FC6E0360
FCBDAF40
FF7B3570
FFAAA690
FCE5CB60
FFCD0C20
FE60D310
0199B3A0
FA1C63D0
06CAB2E0
F93BD040
000A8960
FF05FB30
01F96700
FD8DF0E0
F90031B0
FFD92310
04BC26E0
FDEF7430
FEEF7650
FD724350
067E8220
022AE280
FDE86230
FEF2EAB0
028BB060
FB3E7840
FFB8C9A0
FC671700
009F2100
FCBD0E90
0205EE80
F8B22570
F9AC3E50
FC837FD0
FAFE2C00
FD7D1560
FD525370
FF307190
0256B280
FA224AB0
FC56D820
FDAF0400
F7F87A00
FBB12BF0
FEDFAE60
FF75C140
FEDC5390
F7B0C2A0
FEC0C090
FC06A260
FF6B3090
FD66EAC0
FAB23F40
FED49170
020D1900
02465580
FDC09A30
0625E100
02E3E9A0
05B289C0
FB338AE0
F9F10F30
FE08AE30
F9060C40
FB5C85D0
008D3C00
061E4920
01A0ABC0
00A9AA20
00DE4D80
FCE38370
006D59E0
FFE998E0
FA52C8D0
01E957E0
03D44CE0
FD882F00
FB9F6700
FC5270E0
FE6A8FF0
FB8D9080
F969FD40
021691A0
FAF91110
037AC600
02DF5400
FC5F3610
FFF71250
FCF6BA70
02BE0B00
01A71880
023D4B40
02EBF360
FA7C22F0
F5FCEAD0
F9F0F200
05E4AF80
03BC2C00
005A6DE0
FD98D440
FCF0FBF0
02431D80
FB839EA0
FCCEFB50
FB6826D0
00C4D1E0
01B07080
033CB740
019E1C60
01CEF5E0
FC143DF0
00627B20
044E9500
04155C00
032710C0
01F8DC20
0161F160
005365E0
F7FA71E0
01E72A80
FFC63380
F8F51900
FC19B4E0
FD3F37A0
FF072060
F9EF1C90
02470DE0
03527760
037BC920
094C1420
FE1643A0
FAD64840
F8D8A2E0
062348E0
09C3A360
FFC8F310
009B03E0
FD3EC050
04068640
FA2D8DF0
FC0B0900
FE5DE1C0
FC9B75C0
0350A120
F852DB40
FD219BB0
FBC68E80
03180220
01E9ED40
FC04ED10
FF13E0D0
FEC87AC0
00FC91E0
FB8B22F0
0160B420
FE7A20E0
05C79B60
FA03D2E0
FB63EC80
FD95D5E0
FF442860
00BEB280
FA059F90
FBE678D0
FDAFE570
00BB6C00
FEA26DD0
03F8E9A0
FA6282A0
0478DBE0
FEE36140
028A8620
FE10DB10
01252220
0442E520
FB820780
021772E0
061E57E0
F9FB7DD0
069994A0
00331BC0
032C9B00
FE8C0B10
FE1DD550
FB745830
FD3A1F60
FE483190
001A5E20
054A8EA0
FE8FCA90
0112AA80
054FAEA0
FB091C60
02B20460
FA8624A0
021B81E0
028B0620
FF8DAE70
005EB580
07619F80
0470BCA0
F830A860
FECD6050
F5A1EC60
FC955410
FBEC5900
01A34040
01DC5920
FF993920
03C86220
084027C0
F94B19C0
FDD95310
F7C34910
04E04A80
043312E0
FBD5E560
FDD35A40
F78A4900
0491BAC0
010E42C0
07440900
F58FFA50
041694A0
FD8A71C0
033865E0
016FCAC0
FCB6C820
0257DE80
037CE2A0
FE15BE90
03EB7F80
04A07920
08E68020
01645D60
00DD1DC0
FB99BE50
F48215E0
018F7D20
FB633860
06C1F4A0
FC4AD720
00C8BA40
05BE2060
FAA287A0
03DC0860
F6BC6620
FE988B00
019B5520
F9E72380
F1927C00
FC3A99B0
F9DBD960
FFE2D1E0
FDF01F40
FDE97030
079D57C0
F83E5C90
F93D01D0
028BB2A0
01C39E20
048D09C0
024659A0
FFC69640
FDB7D560
FA2704F0
FDF56D40
0418F040
0756DF20
06FCDBE0
FA3042C0
020D2AA0
F8E760B0
FA5ED700
004D3F20
0177B880
01233EE0
FDC709E0
FC7BDFF0
FDF54460
01CAB720
FC769040
FF8B14E0
FC1466D0
FA3710B0
FDF3AD90
00F55000
F9FE5A00
079AC640
045542C0
01C66480
023F6B00
FF705270
0250B180
01EDC260
FCF4C450
F9DF1720
039A5B80
FF79D100
01C411E0
0342DA20
FD8CCB40
04A77800
FE605C70
FC3FEC80
FE9CB480
03938600
FE2D53A0
07C2C280
FB8E56F0
FFBD22A0
00169640
F78D42A0
F8613CE0
FEB953A0
FDFA2AA0
FEE32750
0217DDE0
FC4DB4A0
00693BC0
FC86A9F0
FB47DCC0
FD4C4930
F7B12540
FA3A6490
FBDE2000
FC9FED60
FDD1D710
02661A20
FB071630
002D4740
FE799760
FF94BCD0
0135B360
00569E20
FFC5ABF0
F95883D0
024FB8A0
FA1B2E70
01B3DD60
FDC26D60
FCEAD8B0
0084C340
FE855680
FB285CF0
F60F0A80
FB16F940
FE664D20
069D8C80
042DE520
01F876E0
F6123190
028D9A00
0021D640
055665A0
008F7460
09219260
015C6440
FBE975F0
FC5D0A30
FBA82F40
FC128770
FD2CE9E0
057E72A0
FDFE8BC0
FA26BC20
035F7560
F9902480
FBD00DE0
00A70CE0
FFD1AAB0
FF029760
0678ADE0
FE8F3AC0
FFB95940
039C1880
FB98B300
020ECB80
02980180
01430D80
FF1535B0
FD60D9F0
FE20F210
03DF0120
01FC9F80
FCE77270
0393F8C0
FF77FE90
FD3574A0
FDC64370
FFA266F0
03A84E80
FB348450
FF7B5B00
02BF3EE0
01CFF460
0489A5C0
FE409E20
FC3C4010
FBD2E980
F9721A20
02D04220
FE81CA40
F7EDDF80
004C1600
03A4E4E0
06B6EC20
020AF260
00ADABE0
0505E940
F7B29D50
017CB4C0
FCCE8860
024CC640
FE5B9870
FDA93BA0
FEB83BD0
FEA2DE20
FFC03E90
F69FA120
010E9560
02292D80
0293EDA0
FECC64F0
FEC0E8E0
FCD90040
FDA493F0
033A0A40
FA862CB0
FE31E7E0
0B1F7780
0593B120
0068C500
FA634CE0
00769220
0386F4A0
00A0DDC0
FF5C7AB0
F9D1F2D0
F73DC4C0
F766FF30
FE62FC50
F9772060
02E106A0
085C5D40
01ABC540
FA8C42D0
004946A0
00A72D60
FD0E23A0
FCC35440
F9E25970
00481460
F960C6C0
FBE54910
F9E01EE0
FF7726B0
FA9B2CE0
01CED280
FBFD33E0
FC6E26E0
FF65F280
F9CCE950
0388EE60
06F3BB00
012B7FC0
04071FA0
F8F6DA70
FAF49C20
FC822BD0
FBCC5E00
F8FE2B70
FBEDE8B0
FF5C5360
052F9400
013E8000
F9D3B310
03E31340
FA9669B0
036CFE00
00883780
008123C0
05DF0FC0
0556B640
07CDFDA0
FE42FAA0
FE0F7B60
014D6180
052DB440
FE8C3C40
FFF03390
FEE8EB30
FE2943A0
FD63E8A0
FC58F980
FF45BE20
024DE0A0
F982B320
04C48A40
F8B02AB0
0334AE00
FFC781F0
01CA0A40
0688F240
FBA96410
03E66720
00275AA0
03511480
FF858EF0
FD70FC00
017CA680
00CF9C20
015482E0
02987000
FAF833A0
031C00C0
FD717CA0
FEABFC00
FD175F50
001F69A0
0347C300
FD931DF0
006138C0
0096EC00
01D59900
FF18FC50
08109C40
003CCEC0
0149AE00
00DF8E80
FB216A20
00215B60
F8BA5260
00071780
FDF74230
FC073190
01EA8FE0
F8AD6800
FC332AE0
FD6FB450
FD046AF0
FEA52620
FB86F050
0068C460
FE50FE00
01B62380
FA28E7D0
008AE860
F7E90AA0
FD0CDC80
FD4067A0
FF5CF280
01AEF1A0
06E7D840
0391A320
055677E0
00CCD560
FEC52F90
FCB095A0
FD8D3B30
FE2FA7C0
FE2A7EA0
0011DD40
051603C0
00293F20
FDF49490
04E9D560
F8ED35F0
FD286270
F8DF0450
02037300
FEBCFF10
00FD3580
FFFD4280
FFE6C970
FD906CB0
02EC2DE0
FD7C02D0
08220A00
FA946FA0
011913C0
045CD0C0
07013C60
02BBF5E0
03E0A120
017CA600
FE9D1660
0056A920
FF8B94B0
FCF3E800
0119D4C0
02BF0AC0
FBA0FEF0
00397000
0047BD60
FDBEFE70
FFF88D80
041B71C0
079FCD20
06412600
FB220150
004D2700
049A5AC0
FF256C60
02DB5BA0
F89C5FF0
FCEBE170
FC72EF20
FC668410
02CAC120
05331760
F95DA000
F7FDB980
FD47A140
FC7B9080
FDC20430
FF3F7B20
FFE13960
0240D0E0
FFA3F060
F5538380
FF074AB0
00B5DC40
053729C0
FCB60860
0244BA60
00F455E0
FECA8E40
01C7C800
FE7E90D0
0082ED80
01942360
00FF3A80
022A6140
FD5E1E50
FD53D040
FF11D4A0
FA01E0C0
01C9FD40
FECCE1B0
037AADE0
034E2C20
FBFDAAA0
F60BA520
FC872F60
FE788FA0
024866A0
060C9F80
06014480
02ECFCA0
FBED59D0
031F3D20
020011E0
03943F00
F7471D40
FB12D620
FF9D07F0
FB3D9C20
FCD8ADE0
FF4140F0
FDCBA1A0
F813F510
00323AC0
02D11700
06CD9B80
FFDF87C0
FDC6E3B0
FDA3C5A0
015909A0
FF96BC20
F950ECA0
0376C840
029C0B00
0123FE60
004E7B40
FA789710
01B7A3E0
FAB76420
FD5697E0
01FAF380
FE286790
FBC72B90
02B6BCA0
FA36C0D0
04F60160
FFC53910
FE5F1B30
FF669550
FAA4D590
01A587E0
02AD3E80
03D10E40
052B9B00
020DAEC0
0229A840
FE3CA720
FED28830
009A1CC0
01F62BE0
F83C5EB0
FDBC4C50
F9A55960
FEB17B20
FA89B2E0
F72DFA80
F681B620
FDCFBED0
FDDE3090
F9D3B530
0070E160
FFD553C0
FEB3B510
FC1141F0
FB665CB0
F8FAE570
FB2C83F0
04CD71C0
FEED2490
01B14E80
02327460
00D1FD80
FE73A980
03220A60
FD9648A0
FBE361D0
02CE86E0
009912A0
0AD1FE40
028DFA40
FE6E4990
006E9CE0
FCC95640
00BCC460
02220200
F527C100
FEB85670
03420880
FB40D870
FE9A80D0
006E09E0
02CFA8A0
F980BDE0
01B818C0
FBB59FF0
FF2A1F20
0297AA60
FBB4B770
FBF692E0
FDDE4560
00682C80
F9F7C960
0280CE60
FC6C5ED0
FD936F50
03171D20
FD145070
FF3D7200
0091B760
FF0679B0
FCB07F20
FE946860
06A38060
0560C980
FB6D2B60
038D7120
FCA07740
FFFAD7F0
02788480
FFEE0F10
FE7E0FE0
FF9E4D50
FAB93BA0
F843CC70
FCDDEF40
01CCFF00
FBCFDBE0
025BEA00
FFD33900
053C4EC0
FED5E300
FD674AA0
044DB6C0
0150CD40
FCF84580
FA421F90
03AC9520
068BDAE0
FDC46370
FF111CC0
04925260
01FF8700
FE162EE0
F6573480
017EC440
FC605570
FBA18300
02D4BB00
FBA48760
04403D80
027796E0
F715EE10
FE4CD410
003BA380
08E2EA40
F97558C0
017DE8E0
024A8A60
008BF2E0
FBDABBE0
035760E0
FF0CAFD0
FC072CE0
F839C150
FDC581A0
06867D60
FCDB4B60
FE2A1260
FD4AB410
011339C0
F7EC1CA0
F780D380
0234BC40
015CDD60
00DFB5E0
01C6DDE0
FF9D1E80
F8EA8170
FFC7DE50
038716A0
FA211220
FB6832B0
01523E60
02A2ED60
FD45C4E0
0044C1A0
043CD1C0
FF4B1020
045C0420
FE548B80
FDF90CD0
03B54D40
FC1A8410
035BB0E0
FE37E100
FCF9BFD0
F8FAB480
FC292040
03F26300
FC41B240
FC9B53D0
FBBD0F80
F958F530
FBC67E80
041B9400
FD73F930
0229EBA0
F80145E0
F46CD4A0
FAFA84B0
00EDAE40
FD4F81B0
051B4D80
F7EA4040
FBAD9C10
FDF90510
FB0A8890
F6AEEDC0
F858E320
03E34900
F9E0EEC0
066B5580
FDDDCC00
0A628A80
FD1B72A0
028455A0
04D22440
01D250A0
028505C0
F8F05CE0
05D8FD60
FB6F1A60
FB351590
FF6168E0
FEBB9BD0
055DBB80
FCBF7660
FD0776B0
05AC4E60
FC2EA6D0
01E43640
FA7AFD50
FB8C2C00
0147D900
FE62FB60
03DEB0E0
FC1F7C80
00C15F00
FA521870
071597A0
FCF1C0B0
05355F80
0666EE00
00C220A0
02100400
FCDFBB90
FE6AB700
FA213E50
FD48D210
F86F5E10
038745E0
F8550C70
01387C40
072E5F40
0280A3A0
FC9E58C0
F6A10670
FBAC1E60
FD834F30
F8222620
FC6241D0
FD5994C0
FD8BFDE0
F63F7920
FE709670
04267C40
02F2A600
FE4D8AD0
FCCF0E50
FA73F390
FC389860
FC721890
FC5410F0
FFBF25B0
FE973E00
FCB82C40
0070CC40
FE7407D0
FE559E60
FF3F8120
FA404B20
FDF309C0
FFBA8980
F8F10FC0
06685CE0
FCF32A50
073AC8A0
FCBB7AB0
FC169420
0264C300
F9995C90
F98D3060
F36DE770
F60BAE80
FDD71D90
FF888860
FD5B2AC0
FA8A4D20
02898780
07F35E00
058DF7A0
00301300
F893ECC0
F9D90190
FFE83BB0
F9931B50
FDC4D990
04B8E580
FE294EA0
F659E9C0
0153FCC0
FE019370
000E1100
0281D6C0
036ED2E0
FCBDCB80
FF843C80
FDE83F80
F854D1A0
FD0A2F60
F9A897F0
F9D9E560
00E8FAC0
FC36DF40
056F9620
FA1F9EB0
F70883C0
FA55D8F0
FF440400
00460220
033DFA00
FCB0D900
0797EBA0
FEA66470
FEB5BBB0
05468C40
FD0BE150
FC2AFA20
0106B0E0
F7816020
F940B410
FEEBEAA0
FD44DEB0
F98A7F00
FDD782F0
014813E0
0206B180
FE0199C0
02D54C40
FF33B5C0
057650E0
F9ECC050
FF4925D0
094C0E60
00BDAF60
F9327470
06B5AFC0
FE8DFF80
FAD97360
FCF9E080
01BDABC0
0269F9E0
06B63660
FE0B4AD0
F95ADE80
0146CB80
01E63040
F91C0610
FD4D8EA0
0CC9F080
0446E6C0
F8824B20
FBA721B0
01A39120
003841A0
055D02E0
FF001040
FE84C8A0
033CDD40
FDB77DF0
FFC40150
FFC3BD40
FEF6AA70
0047DC80
012EA540
FC7CBE70
FBD87680
FE13C6E0
018AE7C0
FB383D40
FC009E30
06C00980
FA1CAAC0
F7F21740
F698E8C0
01614C80
022A35A0
0552E6C0
03049960
01FF5B00
FDF7B4E0
F9C0A800
02DC47E0
064269E0
02192720
024BD8E0
0009F480
F938F8F0
F7D77D90
FCC06750
FB4B3240
FC8DEFA0
FA5E8C10
FFA7B620
FB2CCBC0
FDDA55B0
0293AA00
00706BA0
F9105850
03B68D00
FE148630
FDC5B460
008EA8A0
F4E2F600
02D10200
FD5C0820
018A39A0
00FC04A0
03AC5520
FF403240
003D6B80
FA2C1930
FF1C21D0
02395BE0
FD5778B0
03695C60
FF6D0620
040A4060
FB9ACF80
03D7A4E0
0364BB40
FC638790
03333680
03D88580
0184A340
024623E0
F7B77740
FE9E1130
F7713020
F76D3D60
FC754670
FB892410
F89AB5F0
FD7E7000
FEA7C590
FBA32A50
F49D2070
FCCE8560
FD068890
018F5A40
F6D033C0
FB9F67B0
038CCD20
FD175920
015871E0
F7A34B80
055F5A40
F96C1340
FA0C5940
0317B500
FD2B3D70
00557260
FB7EDA00
FDAD4380
F6984580
FEFA6B20
024A66C0
F9F87EE0
FF0EBF20
FA0B82D0
02C672A0
F790DC30
FD5AE4D0
FA215B40
FC690440
F32B4100
FA348C50
03E70B20
FFC4E4A0
FD85CB20
FCBA2650
FC16A360
FC74CE80
034CC480
04CEDE20
04F123A0
FF5D78D0
FC6D8570
FE9E2A60
007C13C0
FD8A2790
FBB7F9E0
FFC29F40
FFCD13A0
FDDB0330
008E57A0
02374A60
02343D40
FE65B840
FC4BD9B0
01590600
F870AE50
FCC3A6D0
FF380EC0
FE5DE1C0
01FA9DE0
FE437720
01BD8600
F79B1FC0
FD9DBF10
FB261E10
FEBE3E80
FE2B7BC0
006E2020
FF9DFEB0
05BE7AE0
01A55C20
FDD9E510
00DD6A80
FF83C490
FD713F60
